/Users/jamesryancooper/Projects/octon/.octon/generated/cognition/projections/materialized/authorization-coverage-map.md
/Users/jamesryancooper/Projects/octon/.octon/generated/cognition/projections/materialized/compatibility-retirement-map.md
/Users/jamesryancooper/Projects/octon/.octon/generated/cognition/projections/materialized/evidence/architecture-10of10-remediation-evidence.yml
/Users/jamesryancooper/Projects/octon/.octon/generated/cognition/projections/materialized/evidence/architecture-10of10-remediation-support.yml
/Users/jamesryancooper/Projects/octon/.octon/generated/cognition/projections/materialized/evidence/architecture-10of10-remediation-closeout.yml
/Users/jamesryancooper/Projects/octon/.octon/generated/cognition/projections/materialized/missions/mission-autonomy-live-validation/mission-view.yml
/Users/jamesryancooper/Projects/octon/.octon/generated/cognition/projections/materialized/missions/.gitkeep
/Users/jamesryancooper/Projects/octon/.octon/generated/cognition/projections/materialized/architecture-map.md
/Users/jamesryancooper/Projects/octon/.octon/generated/cognition/projections/materialized/README.md
/Users/jamesryancooper/Projects/octon/.octon/generated/cognition/projections/materialized/support-cards/frontier-studio-boundary-sensitive-es.yml
/Users/jamesryancooper/Projects/octon/.octon/generated/cognition/projections/materialized/support-cards/github-repo-consequential-en.yml
/Users/jamesryancooper/Projects/octon/.octon/generated/cognition/projections/materialized/support-cards/repo-shell-boundary-sensitive-en.yml
/Users/jamesryancooper/Projects/octon/.octon/generated/cognition/projections/materialized/support-cards/repo-shell-repo-consequential-en.yml
/Users/jamesryancooper/Projects/octon/.octon/generated/cognition/projections/materialized/support-cards/repo-shell-observe-read-en.yml
/Users/jamesryancooper/Projects/octon/.octon/generated/cognition/projections/materialized/support-cards/ci-observe-read-en.yml
/Users/jamesryancooper/Projects/octon/.octon/generated/cognition/projections/materialized/evolution/ledger.yml
/Users/jamesryancooper/Projects/octon/.octon/generated/cognition/projections/materialized/evolution/risk-dashboard.yml
/Users/jamesryancooper/Projects/octon/.octon/generated/cognition/projections/materialized/evolution/recertification-status.yml
/Users/jamesryancooper/Projects/octon/.octon/generated/cognition/projections/materialized/evolution/candidates.yml
/Users/jamesryancooper/Projects/octon/.octon/generated/cognition/projections/materialized/evolution/open-decisions.yml
/Users/jamesryancooper/Projects/octon/.octon/generated/cognition/projections/materialized/workflow-statechart-harness.yml
/Users/jamesryancooper/Projects/octon/.octon/generated/cognition/projections/materialized/trust/attestation-map.yml
/Users/jamesryancooper/Projects/octon/.octon/generated/cognition/projections/materialized/trust/compatibility-map.yml
/Users/jamesryancooper/Projects/octon/.octon/generated/cognition/projections/materialized/trust/certification-dashboard.yml
/Users/jamesryancooper/Projects/octon/.octon/generated/cognition/projections/materialized/trust/federation-status.yml
/Users/jamesryancooper/Projects/octon/.octon/generated/cognition/projections/materialized/trust/proof-review-status.yml
/Users/jamesryancooper/Projects/octon/.octon/generated/cognition/projections/materialized/trust/open-decisions.yml
/Users/jamesryancooper/Projects/octon/.octon/generated/cognition/projections/materialized/runtime-route-map.md
/Users/jamesryancooper/Projects/octon/.octon/generated/cognition/projections/materialized/runs/archive-proposal-1781378420000-repo-hygiene-cleanup-authorization-receipts-archive-proposal/health.yml
/Users/jamesryancooper/Projects/octon/.octon/generated/cognition/projections/materialized/runs/proposal-packet-terminal-closeout-1781654701207-1680-emit-terminal-receipt/health.yml
/Users/jamesryancooper/Projects/octon/.octon/generated/cognition/projections/materialized/runs/publish-1777645877352-18070/health.yml
/Users/jamesryancooper/Projects/octon/.octon/generated/cognition/projections/materialized/runs/proposal-program-delivery-terminal-closeout-20260614t-repair2-classify-worktree-hygiene/health.yml
/Users/jamesryancooper/Projects/octon/.octon/generated/cognition/projections/materialized/runs/20260630t001705z-run-program-clean-delivery-operator-surface-terminal-closeout-run-program-c-attempt-2-workflow-db19e3693701a62c-bind-profile/health.yml
/Users/jamesryancooper/Projects/octon/.octon/generated/cognition/projections/materialized/runs/proposal-program-delivery-terminal-closeout-20260614t-repair-validate-publication-freshness/health.yml
/Users/jamesryancooper/Projects/octon/.octon/generated/cognition/projections/materialized/runs/promote-proposal-1778907502763-54233-promote-proposal/health.yml
/Users/jamesryancooper/Projects/octon/.octon/generated/cognition/projections/materialized/runs/child-terminal-packet-worktree-partitioning-automation-20260620t011500z-workflow-resolve-git-github-route/health.yml
/Users/jamesryancooper/Projects/octon/.octon/generated/cognition/projections/materialized/runs/child-archive-branch-no-pr-closeout-state-machine-autonomy-20260620t003000z-workflow-validate-proposal/health.yml
/Users/jamesryancooper/Projects/octon/.octon/generated/cognition/projections/materialized/runs/20260629t224500z-run-program-clean-delivery-runner-routing-terminal-closeout-run-program-cle-attempt-1-workflow-8c1ae78cb66aa179-verify-durable-implementation-state/health.yml
/Users/jamesryancooper/Projects/octon/.octon/generated/cognition/projections/materialized/runs/20260629t230000z-run-program-clean-delivery-runner-routing-archive-run-program-clean-delivery-runner-routing-attempt-1-workflow-archive-proposal/health.yml
/Users/jamesryancooper/Projects/octon/.octon/generated/cognition/projections/materialized/runs/proposal-packet-terminal-closeout-1781655242127-92710-verify-post-implementation-drift/health.yml
/Users/jamesryancooper/Projects/octon/.octon/generated/cognition/projections/materialized/runs/publish-1782755047379-29571/health.yml
/Users/jamesryancooper/Projects/octon/.octon/generated/cognition/projections/materialized/runs/20260629t231200z-run-program-clean-delivery-evidence-metadata-archive-run-program-clean-deli-attempt-1-workflow-de830f4c637eb76a-validate-proposal/health.yml
/Users/jamesryancooper/Projects/octon/.octon/generated/cognition/projections/materialized/runs/publish-1777472515437-5926/health.yml
/Users/jamesryancooper/Projects/octon/.octon/generated/cognition/projections/materialized/runs/lifecycle-proposal-program-1780206033776-a4ac0a02-proposal-program-runner-tests-fixtures-workflow-validate-proposal/health.yml
/Users/jamesryancooper/Projects/octon/.octon/generated/cognition/projections/materialized/runs/proposal-program-delivery-terminal-closeout-20260614t-repair2-verify-durable-implementation-state/health.yml
/Users/jamesryancooper/Projects/octon/.octon/generated/cognition/projections/materialized/runs/child-terminal-blocked-delivery-receipt-semantics-20260619t204500z-workflow-verify-durable-implementation-state/health.yml
/Users/jamesryancooper/Projects/octon/.octon/generated/cognition/projections/materialized/runs/20260629t234709z-run-program-clean-delivery-validators-terminal-closeout-run-program-clean-d-attempt-2-workflow-1abd4f66358a5ef1-resolve-git-github-route/health.yml
/Users/jamesryancooper/Projects/octon/.octon/generated/cognition/projections/materialized/runs/publish-1782748152929-46735/health.yml
/Users/jamesryancooper/Projects/octon/.octon/generated/cognition/projections/materialized/runs/child-terminal-git-mutation-sandbox-preflight-20260620t022500z-workflow-bind-profile/health.yml
/Users/jamesryancooper/Projects/octon/.octon/generated/cognition/projections/materialized/runs/publish-1782144864386-84493/health.yml
/Users/jamesryancooper/Projects/octon/.octon/generated/cognition/projections/materialized/runs/uec-repo-shell-repo-consequential-recertified-20260410/health.yml
/Users/jamesryancooper/Projects/octon/.octon/generated/cognition/projections/materialized/runs/proposal-program-delivery-terminal-closeout-20260614t-repair-emit-terminal-receipt/health.yml
/Users/jamesryancooper/Projects/octon/.octon/generated/cognition/projections/materialized/runs/proposal-packet-terminal-closeout-1781532766146-81551-classify-repo-hygiene/health.yml
/Users/jamesryancooper/Projects/octon/.octon/generated/cognition/projections/materialized/runs/child-terminal-blocked-delivery-receipt-semantics-20260619t223500z-workflow-run-evidence-only-reviews/health.yml
/Users/jamesryancooper/Projects/octon/.octon/generated/cognition/projections/materialized/runs/20260629t234500z-run-program-clean-delivery-workflow-handoff-archive-run-program-clean-deliv-attempt-1-workflow-5f807194ee08c9b4/health.yml
/Users/jamesryancooper/Projects/octon/.octon/generated/cognition/projections/materialized/runs/20260629t234709z-run-program-clean-delivery-validators-terminal-closeout-run-program-clean-d-attempt-2-workflow-1abd4f66358a5ef1-bind-profile/health.yml
/Users/jamesryancooper/Projects/octon/.octon/generated/cognition/projections/materialized/runs/lifecycle-proposal-program-1780281357651-efd8ad68-proposal-program-runner-terminal-gap-map-workflow-validate-proposal/health.yml
/Users/jamesryancooper/Projects/octon/.octon/generated/cognition/projections/materialized/runs/child-terminal-branch-no-pr-closeout-state-machine-autonomy-20260620t002000z-workflow-verify-durable-implementation-state/health.yml
/Users/jamesryancooper/Projects/octon/.octon/generated/cognition/projections/materialized/runs/promote-proposal-1781374552391-57891/health.yml
/Users/jamesryancooper/Projects/octon/.octon/generated/cognition/projections/materialized/runs/lifecycle-proposal-program-1780352350684-e2768cab-proposal-program-runner-archive-observation-recovery-attempt-1-workflow-promote-proposal/health.yml
/Users/jamesryancooper/Projects/octon/.octon/generated/cognition/projections/materialized/runs/proposal-packet-terminal-closeout-1781484868797-71460-verify-post-implementation-drift/health.yml
/Users/jamesryancooper/Projects/octon/.octon/generated/cognition/projections/materialized/runs/governed-lifecycle-terminology-promote-execute-inprocess-workflow-workflow/health.yml
/Users/jamesryancooper/Projects/octon/.octon/generated/cognition/projections/materialized/runs/lifecycle-packet-proposal-program-execution-mode-normalization-terminal-closeout-20260623t184200z-workflow-resolve-git-github-route/health.yml
/Users/jamesryancooper/Projects/octon/.octon/generated/cognition/projections/materialized/runs/lifecycle-proposal-program-1780197259834-ce18fe14-proposal-program-runner-executor-delegation-gates-workflow-validate-proposal/health.yml
/Users/jamesryancooper/Projects/octon/.octon/generated/cognition/projections/materialized/runs/child-terminal-git-mutation-sandbox-preflight-20260620t022500z-workflow-run-evidence-only-reviews/health.yml
/Users/jamesryancooper/Projects/octon/.octon/generated/cognition/projections/materialized/runs/20260630t001705z-run-program-clean-delivery-operator-surface-terminal-closeout-run-program-c-attempt-1-workflow-9b3bacc5074d538e-classify-worktree-hygiene/health.yml
/Users/jamesryancooper/Projects/octon/.octon/generated/cognition/projections/materialized/runs/child-terminal-generated-freshness-scope-detection-20260620t004200z-workflow-verify-implementation-conformance/health.yml
/Users/jamesryancooper/Projects/octon/.octon/generated/cognition/projections/materialized/runs/20260629t212500z-run-program-clean-delivery-architecture-terminal-closeout-run-program-clean-attempt-1-workflow-70d779cb23b237c4-run-evidence-only-reviews/health.yml
/Users/jamesryancooper/Projects/octon/.octon/generated/cognition/projections/materialized/runs/publish-1780175137608-77120/health.yml
/Users/jamesryancooper/Projects/octon/.octon/generated/cognition/projections/materialized/runs/child-terminal-blocked-delivery-receipt-semantics-20260619t215500z-workflow-classify-repo-hygiene/health.yml
/Users/jamesryancooper/Projects/octon/.octon/generated/cognition/projections/materialized/runs/20260629t225800z-run-program-clean-delivery-evidence-metadata-terminal-closeout-run-program-attempt-1-workflow-202946b1769b5524-verify-durable-implementation-state/health.yml
/Users/jamesryancooper/Projects/octon/.octon/generated/cognition/projections/materialized/runs/proposal-program-delivery-terminal-closeout-20260614t-repair2-validate-publication-freshness/health.yml
/Users/jamesryancooper/Projects/octon/.octon/generated/cognition/projections/materialized/runs/child-terminal-branch-no-pr-closeout-state-machine-autonomy-20260620t002000z-workflow-bind-profile/health.yml
/Users/jamesryancooper/Projects/octon/.octon/generated/cognition/projections/materialized/runs/uec-global-repo-shell-observe-read-20260404/health.yml
/Users/jamesryancooper/Projects/octon/.octon/generated/cognition/projections/materialized/runs/20260629t212500z-run-program-clean-delivery-architecture-terminal-closeout-run-program-clean-attempt-1-workflow-70d779cb23b237c4-classify-repo-hygiene/health.yml
/Users/jamesryancooper/Projects/octon/.octon/generated/cognition/projections/materialized/runs/20260630t001705z-run-program-clean-delivery-operator-surface-terminal-closeout-run-program-c-attempt-2-workflow-db19e3693701a62c-classify-worktree-hygiene/health.yml
/Users/jamesryancooper/Projects/octon/.octon/generated/cognition/projections/materialized/runs/governed-lifecycle-terminology-promote-execute-after-routing-fix-workflow-validate-proposal/health.yml
/Users/jamesryancooper/Projects/octon/.octon/generated/cognition/projections/materialized/runs/publish-1782112239866-20952/health.yml
/Users/jamesryancooper/Projects/octon/.octon/generated/cognition/projections/materialized/runs/proposal-program-delivery-packet-lifecycle-20260614t060100z-workflow-validate-proposal/health.yml
/Users/jamesryancooper/Projects/octon/.octon/generated/cognition/projections/materialized/runs/publish-1779464822743-54730/health.yml
/Users/jamesryancooper/Projects/octon/.octon/generated/cognition/projections/materialized/runs/publish-1782668309755-25496/health.yml
/Users/jamesryancooper/Projects/octon/.octon/generated/cognition/projections/materialized/runs/proposal-program-delivery-terminal-closeout-20260614t-repair-run-evidence-only-reviews/health.yml
/Users/jamesryancooper/Projects/octon/.octon/generated/cognition/projections/materialized/runs/publish-1782135795206-85060/health.yml
/Users/jamesryancooper/Projects/octon/.octon/generated/cognition/projections/materialized/runs/promote-proposal-1781652566765-81609-promote-proposal/health.yml
/Users/jamesryancooper/Projects/octon/.octon/generated/cognition/projections/materialized/runs/20260629t233000z-run-program-clean-delivery-workflow-handoff-terminal-closeout-run-program-c-attempt-1-workflow-663e43f361826aed-resolve-git-github-route/health.yml
/Users/jamesryancooper/Projects/octon/.octon/generated/cognition/projections/materialized/runs/20260629t234709z-run-program-clean-delivery-validators-terminal-closeout-run-program-clean-d-attempt-1-workflow-f2fd49af240151e4-emit-terminal-receipt/health.yml
/Users/jamesryancooper/Projects/octon/.octon/generated/cognition/projections/materialized/runs/publish-1777423089728-2628/health.yml
/Users/jamesryancooper/Projects/octon/.octon/generated/cognition/projections/materialized/runs/proposal-packet-terminal-closeout-1781485109759-19805-run-evidence-only-reviews/health.yml
/Users/jamesryancooper/Projects/octon/.octon/generated/cognition/projections/materialized/runs/lifecycle-proposal-program-1780377012124-14433e66-proposal-program-runner-parent-review-churn-attempt-1-workflow-archive-proposal/health.yml
/Users/jamesryancooper/Projects/octon/.octon/generated/cognition/projections/materialized/runs/proposal-packet-terminal-closeout-1781655098340-60748-classify-repo-hygiene/health.yml
/Users/jamesryancooper/Projects/octon/.octon/generated/cognition/projections/materialized/runs/child-terminal-generated-freshness-scope-detection-20260620t004200z-workflow-run-evidence-only-reviews/health.yml
/Users/jamesryancooper/Projects/octon/.octon/generated/cognition/projections/materialized/runs/publish-1781908019345-63683/health.yml
/Users/jamesryancooper/Projects/octon/.octon/generated/cognition/projections/materialized/runs/publish-1779464669157-8495/health.yml
/Users/jamesryancooper/Projects/octon/.octon/generated/cognition/projections/materialized/runs/publish-1781706285074-52626/health.yml
/Users/jamesryancooper/Projects/octon/.octon/generated/cognition/projections/materialized/runs/child-terminal-blocked-delivery-receipt-semantics-20260619t215500z-workflow-run-evidence-only-reviews/health.yml
/Users/jamesryancooper/Projects/octon/.octon/generated/cognition/projections/materialized/runs/child-terminal-packet-delivery-wrapper-orchestration-autonomy-20260619t233500z-workflow-verify-durable-implementation-state/health.yml
/Users/jamesryancooper/Projects/octon/.octon/generated/cognition/projections/materialized/runs/fixture-retention-closeout-1781484204063-17775-verify-retained-evidence/health.yml
/Users/jamesryancooper/Projects/octon/.octon/generated/cognition/projections/materialized/runs/20260629t224500z-run-program-clean-delivery-runner-routing-terminal-closeout-run-program-cle-attempt-2-workflow-89078b1600b69266-emit-terminal-receipt/health.yml
/Users/jamesryancooper/Projects/octon/.octon/generated/cognition/projections/materialized/runs/lifecycle-proposal-program-1780377012124-14433e66-proposal-program-runner-parent-review-churn-attempt-1-workflow/health.yml
/Users/jamesryancooper/Projects/octon/.octon/generated/cognition/projections/materialized/runs/uec-audit-workflow-system-20260401-agent-augmented-1/health.yml
/Users/jamesryancooper/Projects/octon/.octon/generated/cognition/projections/materialized/runs/lifecycle-proposal-program-1780377743127-14a6d678-proposal-program-runner-terminal-routing-tests-attempt-1-workflow-archive-proposal/health.yml
/Users/jamesryancooper/Projects/octon/.octon/generated/cognition/projections/materialized/runs/child-archive-generated-freshness-scope-detection-20260620t005800z-workflow/health.yml
/Users/jamesryancooper/Projects/octon/.octon/generated/cognition/projections/materialized/runs/publish-1777645884878-19017/health.yml
/Users/jamesryancooper/Projects/octon/.octon/generated/cognition/projections/materialized/runs/child-terminal-blocked-delivery-receipt-semantics-20260619t204500z-workflow-validate-publication-freshness/health.yml
/Users/jamesryancooper/Projects/octon/.octon/generated/cognition/projections/materialized/runs/publish-1781568084565-55847/health.yml
/Users/jamesryancooper/Projects/octon/.octon/generated/cognition/projections/materialized/runs/child-terminal-blocked-delivery-receipt-semantics-20260619t224500z-workflow-classify-worktree-hygiene/health.yml
/Users/jamesryancooper/Projects/octon/.octon/generated/cognition/projections/materialized/runs/lifecycle-proposal-program-1780362312110-f2e4f87c-proposal-program-runner-publication-freshness-preflight-attempt-1-workflow-archive-proposal/health.yml
/Users/jamesryancooper/Projects/octon/.octon/generated/cognition/projections/materialized/runs/child-terminal-blocked-delivery-receipt-semantics-20260619t223500z-workflow-classify-repo-hygiene/health.yml
/Users/jamesryancooper/Projects/octon/.octon/generated/cognition/projections/materialized/runs/uec-global-frontier-browser-api-studio-20260404/health.yml
/Users/jamesryancooper/Projects/octon/.octon/generated/cognition/projections/materialized/runs/publish-1782136073600-66750/health.yml
/Users/jamesryancooper/Projects/octon/.octon/generated/cognition/projections/materialized/runs/proposal-program-delivery-terminal-closeout-20260614t143300z-workflow-stage-verify-durable-implementation-state/health.yml
/Users/jamesryancooper/Projects/octon/.octon/generated/cognition/projections/materialized/runs/child-terminal-branch-no-pr-closeout-state-machine-autonomy-20260620t002000z-workflow-verify-implementation-conformance/health.yml
/Users/jamesryancooper/Projects/octon/.octon/generated/cognition/projections/materialized/runs/publish-1779664819255-7138/health.yml
/Users/jamesryancooper/Projects/octon/.octon/generated/cognition/projections/materialized/runs/lifecycle-packet-proposal-program-execution-mode-normalization-terminal-closeout-20260623t184200z-workflow-emit-terminal-receipt/health.yml
/Users/jamesryancooper/Projects/octon/.octon/generated/cognition/projections/materialized/runs/promote-foundational-entry-artifact-canonical-framing-update-20260514-173617/health.yml
/Users/jamesryancooper/Projects/octon/.octon/generated/cognition/projections/materialized/runs/publish-1777645703361-87101/health.yml
/Users/jamesryancooper/Projects/octon/.octon/generated/cognition/projections/materialized/runs/archive-proposal-1778781598867-11942/health.yml
/Users/jamesryancooper/Projects/octon/.octon/generated/cognition/projections/materialized/runs/lifecycle-proposal-program-1780340449025-2f63bcfb-proposal-program-runner-promotion-evidence-binding-attempt-1-workflow-validate-proposal/health.yml
/Users/jamesryancooper/Projects/octon/.octon/generated/cognition/projections/materialized/runs/lifecycle-proposal-program-1780373365875-f73af492-proposal-program-runner-terminal-gap-map-attempt-2-workflow/health.yml
/Users/jamesryancooper/Projects/octon/.octon/generated/cognition/projections/materialized/runs/lifecycle-proposal-program-1780235219490-0532e377-proposal-program-runner-cleanup-hygiene-workflow-promote-proposal/health.yml
/Users/jamesryancooper/Projects/octon/.octon/generated/cognition/projections/materialized/runs/20260629t214000z-run-program-clean-delivery-architecture-terminal-closeout-return-bound-run-attempt-1-workflow-648b347b5e87c807-verify-implementation-conformance/health.yml
/Users/jamesryancooper/Projects/octon/.octon/generated/cognition/projections/materialized/runs/publish-1781012304473-73940/health.yml
/Users/jamesryancooper/Projects/octon/.octon/generated/cognition/projections/materialized/runs/publish-1782760557629-15578/health.yml
/Users/jamesryancooper/Projects/octon/.octon/generated/cognition/projections/materialized/runs/20260629t233000z-run-program-clean-delivery-workflow-handoff-terminal-closeout-run-program-c-attempt-1-workflow-663e43f361826aed-validate-publication-freshness/health.yml
/Users/jamesryancooper/Projects/octon/.octon/generated/cognition/projections/materialized/runs/20260629t214000z-run-program-clean-delivery-architecture-terminal-closeout-return-bound-run-attempt-1-workflow-648b347b5e87c807-resolve-git-github-route/health.yml
/Users/jamesryancooper/Projects/octon/.octon/generated/cognition/projections/materialized/runs/child-terminal-blocked-delivery-receipt-semantics-20260619t220500z-workflow-verify-durable-implementation-state/health.yml
/Users/jamesryancooper/Projects/octon/.octon/generated/cognition/projections/materialized/runs/publish-1781707095930-45242/health.yml
/Users/jamesryancooper/Projects/octon/.octon/generated/cognition/projections/materialized/runs/lifecycle-packet-proposal-program-execution-mode-normalization-terminal-closeout-20260623t180500z-workflow-resolve-git-github-route/health.yml
/Users/jamesryancooper/Projects/octon/.octon/generated/cognition/projections/materialized/runs/proposal-program-delivery-terminal-closeout-20260614t-repair-verify-implementation-conformance/health.yml
/Users/jamesryancooper/Projects/octon/.octon/generated/cognition/projections/materialized/runs/publish-1779664898152-17858/health.yml
/Users/jamesryancooper/Projects/octon/.octon/generated/cognition/projections/materialized/runs/lifecycle-proposal-program-1780287571677-ce65fb7e-proposal-program-runner-workflow-retry-ids-attempt-1-workflow/health.yml
/Users/jamesryancooper/Projects/octon/.octon/generated/cognition/projections/materialized/runs/proposal-packet-terminal-closeout-1781654701207-1680-run-evidence-only-reviews/health.yml
/Users/jamesryancooper/Projects/octon/.octon/generated/cognition/projections/materialized/runs/publish-1777423061903-95134/health.yml
/Users/jamesryancooper/Projects/octon/.octon/generated/cognition/projections/materialized/runs/archive-proposal-1778805178254-37205/health.yml
/Users/jamesryancooper/Projects/octon/.octon/generated/cognition/projections/materialized/runs/proposal-packet-terminal-closeout-1781655242127-92710-run-evidence-only-reviews/health.yml
/Users/jamesryancooper/Projects/octon/.octon/generated/cognition/projections/materialized/runs/uec-validate-proposal-20260401-agent-augmented-3/health.yml
/Users/jamesryancooper/Projects/octon/.octon/generated/cognition/projections/materialized/runs/publish-1783033354428-53653/health.yml
/Users/jamesryancooper/Projects/octon/.octon/generated/cognition/projections/materialized/runs/publish-1782136013544-49469/health.yml
/Users/jamesryancooper/Projects/octon/.octon/generated/cognition/projections/materialized/runs/terminal-closeout-genericity-policy-fixture-20260614t-litmus1-emit-terminal-receipt/health.yml
/Users/jamesryancooper/Projects/octon/.octon/generated/cognition/projections/materialized/runs/publish-1781011453109-34239/health.yml
/Users/jamesryancooper/Projects/octon/.octon/generated/cognition/projections/materialized/runs/publish-1777645675141-62877/health.yml
/Users/jamesryancooper/Projects/octon/.octon/generated/cognition/projections/materialized/runs/terminal-closeout-genericity-policy-fixture-20260614t-litmus1-verify-implementation-conformance/health.yml
/Users/jamesryancooper/Projects/octon/.octon/generated/cognition/projections/materialized/runs/publish-1781484417408-52189/health.yml
/Users/jamesryancooper/Projects/octon/.octon/generated/cognition/projections/materialized/runs/20260629t061000z-run-program-clean-delivery-runner-routing-promote-workflow/health.yml
/Users/jamesryancooper/Projects/octon/.octon/generated/cognition/projections/materialized/runs/child-terminal-blocked-delivery-receipt-semantics-20260619t220500z-workflow-run-evidence-only-reviews/health.yml
/Users/jamesryancooper/Projects/octon/.octon/generated/cognition/projections/materialized/runs/lifecycle-proposal-program-1780206033776-a4ac0a02-proposal-program-runner-generated-state-publication-workflow-promote-proposal/health.yml
/Users/jamesryancooper/Projects/octon/.octon/generated/cognition/projections/materialized/runs/proposal-packet-terminal-closeout-1781484250284-21530-classify-worktree-hygiene/health.yml
/Users/jamesryancooper/Projects/octon/.octon/generated/cognition/projections/materialized/runs/lifecycle-proposal-program-1780206033776-a4ac0a02-proposal-program-runner-child-scheduling-recovery-workflow-promote-proposal/health.yml
/Users/jamesryancooper/Projects/octon/.octon/generated/cognition/projections/materialized/runs/lifecycle-proposal-program-1780319092074-379a4077-proposal-program-runner-aggregate-terminal-blockers-attempt-1-workflow/health.yml
/Users/jamesryancooper/Projects/octon/.octon/generated/cognition/projections/materialized/runs/child-terminal-packet-delivery-wrapper-orchestration-autonomy-20260619t233500z-workflow-validate-publication-freshness/health.yml
/Users/jamesryancooper/Projects/octon/.octon/generated/cognition/projections/materialized/runs/child-terminal-generated-freshness-scope-detection-20260620t004200z-workflow/health.yml
/Users/jamesryancooper/Projects/octon/.octon/generated/cognition/projections/materialized/runs/publish-1777472536856-11767/health.yml
/Users/jamesryancooper/Projects/octon/.octon/generated/cognition/projections/materialized/runs/lifecycle-proposal-program-1780197259834-ce18fe14-proposal-program-runner-executor-delegation-gates-workflow/health.yml
/Users/jamesryancooper/Projects/octon/.octon/generated/cognition/projections/materialized/runs/child-archive-packet-worktree-partitioning-automation-20260620t012500z-workflow-validate-proposal/health.yml
/Users/jamesryancooper/Projects/octon/.octon/generated/cognition/projections/materialized/runs/lifecycle-packet-proposal-program-execution-mode-normalization-terminal-closeout-20260623t180500z-workflow-emit-terminal-receipt/health.yml
/Users/jamesryancooper/Projects/octon/.octon/generated/cognition/projections/materialized/runs/child-terminal-git-mutation-sandbox-preflight-20260620t022500z-workflow-verify-post-implementation-drift/health.yml
/Users/jamesryancooper/Projects/octon/.octon/generated/cognition/projections/materialized/runs/publish-1782355321889-94929/health.yml
/Users/jamesryancooper/Projects/octon/.octon/generated/cognition/projections/materialized/runs/publish-1782751886663-99187/health.yml
/Users/jamesryancooper/Projects/octon/.octon/generated/cognition/projections/materialized/runs/lifecycle-proposal-program-1780371356640-b6b367b3-proposal-program-runner-terminal-routing-tests-attempt-1-workflow-promote-proposal/health.yml
/Users/jamesryancooper/Projects/octon/.octon/generated/cognition/projections/materialized/runs/archive-proposal-1781368130239-25053-archive-proposal/health.yml
/Users/jamesryancooper/Projects/octon/.octon/generated/cognition/projections/materialized/runs/publish-1782131935167-84678/health.yml
/Users/jamesryancooper/Projects/octon/.octon/generated/cognition/projections/materialized/runs/publish-1777775720373-8518/health.yml
/Users/jamesryancooper/Projects/octon/.octon/generated/cognition/projections/materialized/runs/lifecycle-packet-proposal-program-execution-mode-normalization-terminal-closeout-20260623t184200z-workflow-classify-worktree-hygiene/health.yml
/Users/jamesryancooper/Projects/octon/.octon/generated/cognition/projections/materialized/runs/20260629t214000z-run-program-clean-delivery-architecture-terminal-closeout-return-bound-run-attempt-1-workflow-648b347b5e87c807-bind-profile/health.yml
/Users/jamesryancooper/Projects/octon/.octon/generated/cognition/projections/materialized/runs/publish-1781484790783-44650/health.yml
/Users/jamesryancooper/Projects/octon/.octon/generated/cognition/projections/materialized/runs/20260630t001705z-run-program-clean-delivery-operator-surface-terminal-closeout-run-program-c-attempt-1-workflow-9b3bacc5074d538e-verify-post-implementation-drift/health.yml
/Users/jamesryancooper/Projects/octon/.octon/generated/cognition/projections/materialized/runs/archive-proposal-1781655380444-23350/health.yml
/Users/jamesryancooper/Projects/octon/.octon/generated/cognition/projections/materialized/runs/20260629t225800z-run-program-clean-delivery-evidence-metadata-terminal-closeout-run-program-attempt-1-workflow-202946b1769b5524-classify-worktree-hygiene/health.yml
/Users/jamesryancooper/Projects/octon/.octon/generated/cognition/projections/materialized/runs/publish-1777472435164-84124/health.yml
/Users/jamesryancooper/Projects/octon/.octon/generated/cognition/projections/materialized/runs/proposal-program-delivery-terminal-closeout-20260614t-repair2-emit-terminal-receipt/health.yml
/Users/jamesryancooper/Projects/octon/.octon/generated/cognition/projections/materialized/runs/publish-1782123981379-5065/health.yml
/Users/jamesryancooper/Projects/octon/.octon/generated/cognition/projections/materialized/runs/archive-proposal-1781368130239-25053/health.yml
/Users/jamesryancooper/Projects/octon/.octon/generated/cognition/projections/materialized/runs/20260629t215500z-run-program-clean-delivery-architecture-archive-run-program-clean-delivery-architecture-attempt-1-workflow-validate-proposal/health.yml
/Users/jamesryancooper/Projects/octon/.octon/generated/cognition/projections/materialized/runs/proposal-program-delivery-terminal-closeout-20260614t-repair/health.yml
/Users/jamesryancooper/Projects/octon/.octon/generated/cognition/projections/materialized/runs/publish-1777823294526-55200/health.yml
/Users/jamesryancooper/Projects/octon/.octon/generated/cognition/projections/materialized/runs/publish-1782144870455-84886/health.yml
/Users/jamesryancooper/Projects/octon/.octon/generated/cognition/projections/materialized/runs/child-terminal-branch-no-pr-closeout-state-machine-autonomy-20260620t001000z-workflow-classify-repo-hygiene/health.yml
/Users/jamesryancooper/Projects/octon/.octon/generated/cognition/projections/materialized/runs/lifecycle-proposal-program-1780234304673-15c0d1d9-proposal-program-runner-verification-correction-routing-workflow-validate-proposal/health.yml
/Users/jamesryancooper/Projects/octon/.octon/generated/cognition/projections/materialized/runs/publish-1779325702961-81690/health.yml
/Users/jamesryancooper/Projects/octon/.octon/generated/cognition/projections/materialized/runs/publish-1781533202152-33305/health.yml
/Users/jamesryancooper/Projects/octon/.octon/generated/cognition/projections/materialized/runs/proposal-packet-terminal-closeout-1781532430156-31491-classify-worktree-hygiene/health.yml
/Users/jamesryancooper/Projects/octon/.octon/generated/cognition/projections/materialized/runs/publish-1778616447459-34741/health.yml
/Users/jamesryancooper/Projects/octon/.octon/generated/cognition/projections/materialized/runs/20260630t001705z-run-program-clean-delivery-operator-surface-terminal-closeout-run-program-c-attempt-2-workflow-db19e3693701a62c-verify-implementation-conformance/health.yml
/Users/jamesryancooper/Projects/octon/.octon/generated/cognition/projections/materialized/runs/20260629t234709z-run-program-clean-delivery-validators-terminal-closeout-run-program-clean-d-attempt-1-workflow-f2fd49af240151e4/health.yml
/Users/jamesryancooper/Projects/octon/.octon/generated/cognition/projections/materialized/runs/proposal-packet-terminal-closeout-1781532766146-81551-verify-implementation-conformance/health.yml
/Users/jamesryancooper/Projects/octon/.octon/generated/cognition/projections/materialized/runs/lifecycle-proposal-program-1780265903585-2351b88b-proposal-program-runner-executor-delegation-gates-workflow/health.yml
/Users/jamesryancooper/Projects/octon/.octon/generated/cognition/projections/materialized/runs/publish-1779664808792-6297/health.yml
/Users/jamesryancooper/Projects/octon/.octon/generated/cognition/projections/materialized/runs/20260629t225800z-run-program-clean-delivery-evidence-metadata-terminal-closeout-run-program-attempt-2-workflow-c882376191f6f1c6-validate-feature-catalog-drift/health.yml
/Users/jamesryancooper/Projects/octon/.octon/generated/cognition/projections/materialized/runs/proposal-program-delivery-terminal-closeout-20260614t-generic1-verify-implementation-conformance/health.yml
/Users/jamesryancooper/Projects/octon/.octon/generated/cognition/projections/materialized/runs/child-terminal-blocked-delivery-receipt-semantics-20260619t204500z-workflow-verify-implementation-conformance/health.yml
/Users/jamesryancooper/Projects/octon/.octon/generated/cognition/projections/materialized/runs/publish-1779646745150-4770/health.yml
/Users/jamesryancooper/Projects/octon/.octon/generated/cognition/projections/materialized/runs/uec-safe-stage-lease-revocation-exercise-20260402/health.yml
/Users/jamesryancooper/Projects/octon/.octon/generated/cognition/projections/materialized/runs/publish-1779550206737-88618/health.yml
/Users/jamesryancooper/Projects/octon/.octon/generated/cognition/projections/materialized/runs/lifecycle-proposal-program-1780197259834-ce18fe14-proposal-program-runner-executor-delegation-gates-workflow-promote-proposal/health.yml
/Users/jamesryancooper/Projects/octon/.octon/generated/cognition/projections/materialized/runs/20260629t234709z-run-program-clean-delivery-validators-terminal-closeout-run-program-clean-d-attempt-1-workflow-f2fd49af240151e4-validate-feature-catalog-drift/health.yml
/Users/jamesryancooper/Projects/octon/.octon/generated/cognition/projections/materialized/runs/proposal-program-delivery-terminal-closeout-20260614t-repair3/health.yml
/Users/jamesryancooper/Projects/octon/.octon/generated/cognition/projections/materialized/runs/publish-1780174407052-92031/health.yml
/Users/jamesryancooper/Projects/octon/.octon/generated/cognition/projections/materialized/runs/publish-1782763130763-17471/health.yml
/Users/jamesryancooper/Projects/octon/.octon/generated/cognition/projections/materialized/runs/lifecycle-proposal-program-1780375451665-3ac47e1e-proposal-program-runner-workflow-retry-ids-attempt-1-workflow/health.yml
/Users/jamesryancooper/Projects/octon/.octon/generated/cognition/projections/materialized/runs/child-terminal-blocked-delivery-receipt-semantics-20260619t220500z-workflow-bind-profile/health.yml
/Users/jamesryancooper/Projects/octon/.octon/generated/cognition/projections/materialized/runs/proposal-program-delivery-terminal-closeout-20260614t-generic1-classify-repo-hygiene/health.yml
/Users/jamesryancooper/Projects/octon/.octon/generated/cognition/projections/materialized/runs/publish-1780170102810-21062/health.yml
/Users/jamesryancooper/Projects/octon/.octon/generated/cognition/projections/materialized/runs/lifecycle-proposal-program-1780358031674-bffdc1fc-proposal-program-runner-aggregate-terminal-blockers-attempt-1-workflow-validate-proposal/health.yml
/Users/jamesryancooper/Projects/octon/.octon/generated/cognition/projections/materialized/runs/publish-1777778287559-93662/health.yml
/Users/jamesryancooper/Projects/octon/.octon/generated/cognition/projections/materialized/runs/publish-1779465029049-3002/health.yml
/Users/jamesryancooper/Projects/octon/.octon/generated/cognition/projections/materialized/runs/publish-1779715413935-93885/health.yml
/Users/jamesryancooper/Projects/octon/.octon/generated/cognition/projections/materialized/runs/publish-1782748101956-25668/health.yml
/Users/jamesryancooper/Projects/octon/.octon/generated/cognition/projections/materialized/runs/publish-1783030952454-30312/health.yml
/Users/jamesryancooper/Projects/octon/.octon/generated/cognition/projections/materialized/runs/20260629t224500z-run-program-clean-delivery-runner-routing-terminal-closeout-run-program-cle-attempt-2-workflow-89078b1600b69266-resolve-git-github-route/health.yml
/Users/jamesryancooper/Projects/octon/.octon/generated/cognition/projections/materialized/runs/20260629t224500z-run-program-clean-delivery-runner-routing-terminal-closeout-run-program-cle-attempt-1-workflow-8c1ae78cb66aa179-classify-worktree-hygiene/health.yml
/Users/jamesryancooper/Projects/octon/.octon/generated/cognition/projections/materialized/runs/child-terminal-blocked-delivery-receipt-semantics-20260619t224500z-workflow-emit-terminal-receipt/health.yml
/Users/jamesryancooper/Projects/octon/.octon/generated/cognition/projections/materialized/runs/publish-1782757980953-81867/health.yml
/Users/jamesryancooper/Projects/octon/.octon/generated/cognition/projections/materialized/runs/20260629t212500z-run-program-clean-delivery-architecture-terminal-closeout-run-program-clean-attempt-1-workflow-70d779cb23b237c4-resolve-git-github-route/health.yml
/Users/jamesryancooper/Projects/octon/.octon/generated/cognition/projections/materialized/runs/publish-1782752231724-89618/health.yml
/Users/jamesryancooper/Projects/octon/.octon/generated/cognition/projections/materialized/runs/promote-proposal-1779550336436-99347/health.yml
/Users/jamesryancooper/Projects/octon/.octon/generated/cognition/projections/materialized/runs/20260629t225800z-run-program-clean-delivery-evidence-metadata-terminal-closeout-run-program-attempt-1-workflow-202946b1769b5524-resolve-git-github-route/health.yml
/Users/jamesryancooper/Projects/octon/.octon/generated/cognition/projections/materialized/runs/publish-1782124151428-51279/health.yml
/Users/jamesryancooper/Projects/octon/.octon/generated/cognition/projections/materialized/runs/promote-proposal-1781652566765-81609/health.yml
/Users/jamesryancooper/Projects/octon/.octon/generated/cognition/projections/materialized/runs/20260629t224500z-run-program-clean-delivery-runner-routing-terminal-closeout-run-program-cle-attempt-2-workflow-89078b1600b69266/health.yml
/Users/jamesryancooper/Projects/octon/.octon/generated/cognition/projections/materialized/runs/publish-1780174117062-40615/health.yml
/Users/jamesryancooper/Projects/octon/.octon/generated/cognition/projections/materialized/runs/20260629t143500z-run-program-clean-delivery-validators-promote-workflow-validate-proposal/health.yml
/Users/jamesryancooper/Projects/octon/.octon/generated/cognition/projections/materialized/runs/publish-1782668265230-2852/health.yml
/Users/jamesryancooper/Projects/octon/.octon/generated/cognition/projections/materialized/runs/child-archive-terminal-evidence-sink-autonomy-20260620t020500z-workflow-archive-proposal/health.yml
/Users/jamesryancooper/Projects/octon/.octon/generated/cognition/projections/materialized/runs/promote-proposal-1781652566765-81609-validate-proposal/health.yml
/Users/jamesryancooper/Projects/octon/.octon/generated/cognition/projections/materialized/runs/lifecycle-proposal-program-1780377743127-14a6d678-proposal-program-runner-terminal-routing-tests-attempt-1-workflow/health.yml
/Users/jamesryancooper/Projects/octon/.octon/generated/cognition/projections/materialized/runs/proposal-packet-terminal-closeout-1781655242127-92710-classify-repo-hygiene/health.yml
/Users/jamesryancooper/Projects/octon/.octon/generated/cognition/projections/materialized/runs/archive-proposal-1779561513972-2474/health.yml
/Users/jamesryancooper/Projects/octon/.octon/generated/cognition/projections/materialized/runs/20260629t211000z-run-program-clean-delivery-architecture-terminal-closeout-run-program-clean-attempt-1-workflow-d96468b559db0691-verify-durable-implementation-state/health.yml
/Users/jamesryancooper/Projects/octon/.octon/generated/cognition/projections/materialized/runs/repo-consequential-preflight-workflow-20260413-v4/health.yml
/Users/jamesryancooper/Projects/octon/.octon/generated/cognition/projections/materialized/runs/publish-1781653581555-84644/health.yml
/Users/jamesryancooper/Projects/octon/.octon/generated/cognition/projections/materialized/runs/proposal-program-delivery-terminal-closeout-20260614t-repair3-run-evidence-only-reviews/health.yml
/Users/jamesryancooper/Projects/octon/.octon/generated/cognition/projections/materialized/runs/child-terminal-blocked-delivery-receipt-semantics-20260619t204500z-workflow-classify-worktree-hygiene/health.yml
/Users/jamesryancooper/Projects/octon/.octon/generated/cognition/projections/materialized/runs/child-terminal-branch-no-pr-closeout-state-machine-autonomy-20260620t001000z-workflow/health.yml
/Users/jamesryancooper/Projects/octon/.octon/generated/cognition/projections/materialized/runs/archive-proposal-archive-proposal/health.yml
/Users/jamesryancooper/Projects/octon/.octon/generated/cognition/projections/materialized/runs/proposal-packet-terminal-closeout-1781485109759-19805-verify-post-implementation-drift/health.yml
/Users/jamesryancooper/Projects/octon/.octon/generated/cognition/projections/materialized/runs/publish-1782123796596-44598/health.yml
/Users/jamesryancooper/Projects/octon/.octon/generated/cognition/projections/materialized/runs/publish-1782763328335-79584/health.yml
/Users/jamesryancooper/Projects/octon/.octon/generated/cognition/projections/materialized/runs/publish-1782124131384-49673/health.yml
/Users/jamesryancooper/Projects/octon/.octon/generated/cognition/projections/materialized/runs/20260629t225800z-run-program-clean-delivery-evidence-metadata-terminal-closeout-run-program-attempt-2-workflow-c882376191f6f1c6-bind-profile/health.yml
/Users/jamesryancooper/Projects/octon/.octon/generated/cognition/projections/materialized/runs/publish-1781483918594-57529/health.yml
/Users/jamesryancooper/Projects/octon/.octon/generated/cognition/projections/materialized/runs/publish-1780371170392-47103/health.yml
/Users/jamesryancooper/Projects/octon/.octon/generated/cognition/projections/materialized/runs/proposal-program-delivery-terminal-closeout-20260614t-repair2/health.yml
/Users/jamesryancooper/Projects/octon/.octon/generated/cognition/projections/materialized/runs/20260629t225800z-run-program-clean-delivery-evidence-metadata-terminal-closeout-run-program-attempt-2-workflow-c882376191f6f1c6-resolve-git-github-route/health.yml
/Users/jamesryancooper/Projects/octon/.octon/generated/cognition/projections/materialized/runs/publish-1783033223029-38554/health.yml
/Users/jamesryancooper/Projects/octon/.octon/generated/cognition/projections/materialized/runs/lifecycle-proposal-program-1780376362002-7a4cef01-proposal-program-runner-parent-review-churn-attempt-1-workflow/health.yml
/Users/jamesryancooper/Projects/octon/.octon/generated/cognition/projections/materialized/runs/20260629t233000z-run-program-clean-delivery-workflow-handoff-terminal-closeout-run-program-c-attempt-2-workflow-a454b4b75825bab4-resolve-git-github-route/health.yml
/Users/jamesryancooper/Projects/octon/.octon/generated/cognition/projections/materialized/runs/child-terminal-git-mutation-sandbox-preflight-20260620t022500z-workflow-verify-implementation-conformance/health.yml
/Users/jamesryancooper/Projects/octon/.octon/generated/cognition/projections/materialized/runs/publish-1780347708764-54076/health.yml
/Users/jamesryancooper/Projects/octon/.octon/generated/cognition/projections/materialized/runs/20260629t224500z-run-program-clean-delivery-runner-routing-terminal-closeout-run-program-cle-attempt-1-workflow-8c1ae78cb66aa179-resolve-git-github-route/health.yml
/Users/jamesryancooper/Projects/octon/.octon/generated/cognition/projections/materialized/runs/promote-proposal-1779550336436-99347-validate-proposal/health.yml
/Users/jamesryancooper/Projects/octon/.octon/generated/cognition/projections/materialized/runs/child-terminal-packet-worktree-partitioning-automation-20260620t011500z-workflow-validate-publication-freshness/health.yml
/Users/jamesryancooper/Projects/octon/.octon/generated/cognition/projections/materialized/runs/publish-1783033158679-32337/health.yml
/Users/jamesryancooper/Projects/octon/.octon/generated/cognition/projections/materialized/runs/20260629t235957z-run-program-clean-delivery-validators-archive-run-program-clean-delivery-validators-attempt-1-workflow-validate-proposal/health.yml
/Users/jamesryancooper/Projects/octon/.octon/generated/cognition/projections/materialized/runs/20260629t225800z-run-program-clean-delivery-evidence-metadata-terminal-closeout-run-program-attempt-1-workflow-202946b1769b5524-validate-feature-catalog-drift/health.yml
/Users/jamesryancooper/Projects/octon/.octon/generated/cognition/projections/materialized/runs/child-terminal-blocked-delivery-receipt-semantics-20260619t224500z-workflow-verify-durable-implementation-state/health.yml
/Users/jamesryancooper/Projects/octon/.octon/generated/cognition/projections/materialized/runs/20260629t233000z-run-program-clean-delivery-workflow-handoff-terminal-closeout-run-program-c-attempt-2-workflow-a454b4b75825bab4-run-evidence-only-reviews/health.yml
/Users/jamesryancooper/Projects/octon/.octon/generated/cognition/projections/materialized/runs/lifecycle-packet-proposal-program-execution-mode-normalization-terminal-closeout-20260623t180500z-workflow-run-evidence-only-reviews/health.yml
/Users/jamesryancooper/Projects/octon/.octon/generated/cognition/projections/materialized/runs/fixture-retention-closeout-1781484204063-17775-classify-retained-path-set/health.yml
/Users/jamesryancooper/Projects/octon/.octon/generated/cognition/projections/materialized/runs/20260629t224500z-run-program-clean-delivery-runner-routing-terminal-closeout-run-program-cle-attempt-2-workflow-89078b1600b69266-bind-profile/health.yml
/Users/jamesryancooper/Projects/octon/.octon/generated/cognition/projections/materialized/runs/lifecycle-proposal-program-1780332106495-e12892f0-proposal-program-runner-promotion-evidence-binding-attempt-1-workflow-promote-proposal/health.yml
/Users/jamesryancooper/Projects/octon/.octon/generated/cognition/projections/materialized/runs/publish-1782136067505-66306/health.yml
/Users/jamesryancooper/Projects/octon/.octon/generated/cognition/projections/materialized/runs/child-archive-git-mutation-sandbox-preflight-20260620t024000z-workflow-validate-proposal/health.yml
/Users/jamesryancooper/Projects/octon/.octon/generated/cognition/projections/materialized/runs/publish-1782755614233-55724/health.yml
/Users/jamesryancooper/Projects/octon/.octon/generated/cognition/projections/materialized/runs/publish-1782123981379-5064/health.yml
/Users/jamesryancooper/Projects/octon/.octon/generated/cognition/projections/materialized/runs/20260629t214000z-run-program-clean-delivery-architecture-terminal-closeout-return-bound-run-attempt-1-workflow-648b347b5e87c807-validate-publication-freshness/health.yml
/Users/jamesryancooper/Projects/octon/.octon/generated/cognition/projections/materialized/runs/publish-1777775597631-68872/health.yml
/Users/jamesryancooper/Projects/octon/.octon/generated/cognition/projections/materialized/runs/publish-1782356214606-91985/health.yml
/Users/jamesryancooper/Projects/octon/.octon/generated/cognition/projections/materialized/runs/publish-1780174428926-137/health.yml
/Users/jamesryancooper/Projects/octon/.octon/generated/cognition/projections/materialized/runs/child-terminal-generated-freshness-scope-detection-20260620t004200z-workflow-verify-durable-implementation-state/health.yml
/Users/jamesryancooper/Projects/octon/.octon/generated/cognition/projections/materialized/runs/proposal-packet-terminal-closeout-1781485109759-19805-verify-implementation-conformance/health.yml
/Users/jamesryancooper/Projects/octon/.octon/generated/cognition/projections/materialized/runs/proposal-packet-terminal-closeout-1781485109759-19805/health.yml
/Users/jamesryancooper/Projects/octon/.octon/generated/cognition/projections/materialized/runs/proposal-packet-terminal-closeout-1781655098340-60748-verify-durable-implementation-state/health.yml
/Users/jamesryancooper/Projects/octon/.octon/generated/cognition/projections/materialized/runs/lifecycle-proposal-program-1780190262756-35ae2026-proposal-program-runner-current-state-gap-map-workflow-validate-proposal/health.yml
/Users/jamesryancooper/Projects/octon/.octon/generated/cognition/projections/materialized/runs/publish-1781533787425-73571/health.yml
/Users/jamesryancooper/Projects/octon/.octon/generated/cognition/projections/materialized/runs/lifecycle-proposal-program-1780352350684-e2768cab-proposal-program-runner-archive-observation-recovery-attempt-1-workflow/health.yml
/Users/jamesryancooper/Projects/octon/.octon/generated/cognition/projections/materialized/runs/publish-1781265522417-71926/health.yml
/Users/jamesryancooper/Projects/octon/.octon/generated/cognition/projections/materialized/runs/publish-1782760557569-15579/health.yml
/Users/jamesryancooper/Projects/octon/.octon/generated/cognition/projections/materialized/runs/proposal-program-delivery-terminal-closeout-20260614t-repair3-verify-implementation-conformance/health.yml
/Users/jamesryancooper/Projects/octon/.octon/generated/cognition/projections/materialized/runs/20260630t001705z-run-program-clean-delivery-operator-surface-terminal-closeout-run-program-c-attempt-1-workflow-9b3bacc5074d538e/health.yml
/Users/jamesryancooper/Projects/octon/.octon/generated/cognition/projections/materialized/runs/20260629t234709z-run-program-clean-delivery-validators-terminal-closeout-run-program-clean-d-attempt-2-workflow-1abd4f66358a5ef1-emit-terminal-receipt/health.yml
/Users/jamesryancooper/Projects/octon/.octon/generated/cognition/projections/materialized/runs/publish-1782668282491-12042/health.yml
/Users/jamesryancooper/Projects/octon/.octon/generated/cognition/projections/materialized/runs/publish-1782748157103-47198/health.yml
/Users/jamesryancooper/Projects/octon/.octon/generated/cognition/projections/materialized/runs/publish-1782755327233-46290/health.yml
/Users/jamesryancooper/Projects/octon/.octon/generated/cognition/projections/materialized/runs/promote-proposal-1781320862575-45658-validate-proposal/health.yml
/Users/jamesryancooper/Projects/octon/.octon/generated/cognition/projections/materialized/runs/20260629t234709z-run-program-clean-delivery-validators-terminal-closeout-run-program-clean-d-attempt-1-workflow-f2fd49af240151e4-classify-worktree-hygiene/health.yml
/Users/jamesryancooper/Projects/octon/.octon/generated/cognition/projections/materialized/runs/child-terminal-blocked-delivery-receipt-semantics-20260619t224500z-workflow-verify-post-implementation-drift/health.yml
/Users/jamesryancooper/Projects/octon/.octon/generated/cognition/projections/materialized/runs/publish-1782355296232-87638/health.yml
/Users/jamesryancooper/Projects/octon/.octon/generated/cognition/projections/materialized/runs/archive-proposal-1778781582150-10776/health.yml
/Users/jamesryancooper/Projects/octon/.octon/generated/cognition/projections/materialized/runs/publish-1781484682438-22380/health.yml
/Users/jamesryancooper/Projects/octon/.octon/generated/cognition/projections/materialized/runs/20260629t211000z-run-program-clean-delivery-architecture-terminal-closeout-run-program-clean-attempt-1-workflow-d96468b559db0691-classify-worktree-hygiene/health.yml
/Users/jamesryancooper/Projects/octon/.octon/generated/cognition/projections/materialized/runs/child-archive-blocked-delivery-receipt-semantics-20260619t230000z-workflow/health.yml
/Users/jamesryancooper/Projects/octon/.octon/generated/cognition/projections/materialized/runs/proposal-packet-terminal-closeout-1781484868797-71460-run-evidence-only-reviews/health.yml
/Users/jamesryancooper/Projects/octon/.octon/generated/cognition/projections/materialized/runs/child-terminal-blocked-delivery-receipt-semantics-20260619t223500z-workflow-verify-implementation-conformance/health.yml
/Users/jamesryancooper/Projects/octon/.octon/generated/cognition/projections/materialized/runs/publish-1777422984064-73566/health.yml
/Users/jamesryancooper/Projects/octon/.octon/generated/cognition/projections/materialized/runs/publish-1782131695536-13917/health.yml
/Users/jamesryancooper/Projects/octon/.octon/generated/cognition/projections/materialized/runs/20260630t001705z-run-program-clean-delivery-operator-surface-terminal-closeout-run-program-c-attempt-1-workflow-9b3bacc5074d538e-validate-publication-freshness/health.yml
/Users/jamesryancooper/Projects/octon/.octon/generated/cognition/projections/materialized/runs/proposal-program-delivery-terminal-closeout-20260614t-repair3-resolve-git-github-route/health.yml
/Users/jamesryancooper/Projects/octon/.octon/generated/cognition/projections/materialized/runs/uec-validate-proposal-20260331-b/health.yml
/Users/jamesryancooper/Projects/octon/.octon/generated/cognition/projections/materialized/runs/20260629t061000z-run-program-clean-delivery-runner-routing-promote-workflow-promote-proposal/health.yml
/Users/jamesryancooper/Projects/octon/.octon/generated/cognition/projections/materialized/runs/lifecycle-packet-proposal-program-execution-mode-normalization-archive-20260623t184700z-workflow-archive-proposal/health.yml
/Users/jamesryancooper/Projects/octon/.octon/generated/cognition/projections/materialized/runs/proposal-packet-terminal-closeout-1781655098340-60748-validate-publication-freshness/health.yml
/Users/jamesryancooper/Projects/octon/.octon/generated/cognition/projections/materialized/runs/proposal-program-delivery-terminal-closeout-20260614t-repair-resolve-git-github-route/health.yml
/Users/jamesryancooper/Projects/octon/.octon/generated/cognition/projections/materialized/runs/20260629t233000z-run-program-clean-delivery-workflow-handoff-terminal-closeout-run-program-c-attempt-1-workflow-663e43f361826aed-validate-feature-catalog-drift/health.yml
/Users/jamesryancooper/Projects/octon/.octon/generated/cognition/projections/materialized/runs/publish-1781010781859-47867/health.yml
/Users/jamesryancooper/Projects/octon/.octon/generated/cognition/projections/materialized/runs/proposal-packet-terminal-closeout-1781655242127-92710/health.yml
/Users/jamesryancooper/Projects/octon/.octon/generated/cognition/projections/materialized/runs/promote-proposal-1781374570346-58963-validate-proposal/health.yml
/Users/jamesryancooper/Projects/octon/.octon/generated/cognition/projections/materialized/runs/publish-1778804493197-24604/health.yml
/Users/jamesryancooper/Projects/octon/.octon/generated/cognition/projections/materialized/runs/publish-1779297842174-78249/health.yml
/Users/jamesryancooper/Projects/octon/.octon/generated/cognition/projections/materialized/runs/lifecycle-proposal-program-1780195609892-a506d4ed-proposal-program-runner-planning-replan-loop-workflow-promote-proposal/health.yml
/Users/jamesryancooper/Projects/octon/.octon/generated/cognition/projections/materialized/runs/publish-1779550259402-89600/health.yml
/Users/jamesryancooper/Projects/octon/.octon/generated/cognition/projections/materialized/runs/proposal-packet-terminal-closeout-1781532766146-81551-emit-terminal-receipt/health.yml
/Users/jamesryancooper/Projects/octon/.octon/generated/cognition/projections/materialized/runs/publish-1781652051384-76705/health.yml
/Users/jamesryancooper/Projects/octon/.octon/generated/cognition/projections/materialized/runs/lifecycle-proposal-program-1780345555951-52c388a5-proposal-program-runner-publication-freshness-preflight-attempt-1-workflow/health.yml
/Users/jamesryancooper/Projects/octon/.octon/generated/cognition/projections/materialized/runs/publish-1777665554323-38413/health.yml
/Users/jamesryancooper/Projects/octon/.octon/generated/cognition/projections/materialized/runs/proposal-program-delivery-terminal-closeout-20260614t-repair-classify-repo-hygiene/health.yml
/Users/jamesryancooper/Projects/octon/.octon/generated/cognition/projections/materialized/runs/20260630t001705z-run-program-clean-delivery-operator-surface-terminal-closeout-run-program-c-attempt-1-workflow-9b3bacc5074d538e-resolve-git-github-route/health.yml
/Users/jamesryancooper/Projects/octon/.octon/generated/cognition/projections/materialized/runs/publish-1782140717999-65085/health.yml
/Users/jamesryancooper/Projects/octon/.octon/generated/cognition/projections/materialized/runs/archive-proposal-1781378420000-repo-hygiene-cleanup-authorization-receipts-validate-proposal/health.yml
/Users/jamesryancooper/Projects/octon/.octon/generated/cognition/projections/materialized/runs/lifecycle-proposal-program-1780362312110-f2e4f87c-proposal-program-runner-publication-freshness-preflight-attempt-1-workflow/health.yml
/Users/jamesryancooper/Projects/octon/.octon/generated/cognition/projections/materialized/runs/proposal-packet-terminal-closeout-1781654701207-1680-classify-repo-hygiene/health.yml
/Users/jamesryancooper/Projects/octon/.octon/generated/cognition/projections/materialized/runs/proposal-packet-terminal-closeout-1781485109759-19805-validate-publication-freshness/health.yml
/Users/jamesryancooper/Projects/octon/.octon/generated/cognition/projections/materialized/runs/20260629t224500z-run-program-clean-delivery-runner-routing-terminal-closeout-run-program-cle-attempt-2-workflow-89078b1600b69266-verify-post-implementation-drift/health.yml
/Users/jamesryancooper/Projects/octon/.octon/generated/cognition/projections/materialized/runs/publish-1779572518776-30321/health.yml
/Users/jamesryancooper/Projects/octon/.octon/generated/cognition/projections/materialized/runs/promote-proposal-1781320862575-45658/health.yml
/Users/jamesryancooper/Projects/octon/.octon/generated/cognition/projections/materialized/runs/child-terminal-terminal-evidence-sink-autonomy-20260620t015000z-workflow-verify-implementation-conformance/health.yml
/Users/jamesryancooper/Projects/octon/.octon/generated/cognition/projections/materialized/runs/publish-1781571535991-87961/health.yml
/Users/jamesryancooper/Projects/octon/.octon/generated/cognition/projections/materialized/runs/20260629t131300z-run-program-clean-delivery-workflow-handoff-promote-bound-workflow-promote-proposal/health.yml
/Users/jamesryancooper/Projects/octon/.octon/generated/cognition/projections/materialized/runs/proposal-program-delivery-terminal-closeout-20260614t-repair3-validate-publication-freshness/health.yml
/Users/jamesryancooper/Projects/octon/.octon/generated/cognition/projections/materialized/runs/promote-proposal-1781374570346-58963-promote-proposal/health.yml
/Users/jamesryancooper/Projects/octon/.octon/generated/cognition/projections/materialized/runs/lifecycle-proposal-program-1780372599591-8ebc860a-proposal-program-runner-terminal-gap-map-attempt-1-workflow/health.yml
/Users/jamesryancooper/Projects/octon/.octon/generated/cognition/projections/materialized/runs/proposal-packet-terminal-closeout-1781484868797-71460-resolve-git-github-route/health.yml
/Users/jamesryancooper/Projects/octon/.octon/generated/cognition/projections/materialized/runs/20260629t234709z-run-program-clean-delivery-validators-terminal-closeout-run-program-clean-d-attempt-2-workflow-1abd4f66358a5ef1-classify-worktree-hygiene/health.yml
/Users/jamesryancooper/Projects/octon/.octon/generated/cognition/projections/materialized/runs/publish-1779578044898-23088/health.yml
/Users/jamesryancooper/Projects/octon/.octon/generated/cognition/projections/materialized/runs/repo-shell-supported-scenario-workflow-20260413-v4/health.yml
/Users/jamesryancooper/Projects/octon/.octon/generated/cognition/projections/materialized/runs/publish-1782136035436-58481/health.yml
/Users/jamesryancooper/Projects/octon/.octon/generated/cognition/projections/materialized/runs/publish-1783034606998-50942/health.yml
/Users/jamesryancooper/Projects/octon/.octon/generated/cognition/projections/materialized/runs/proposal-program-delivery-terminal-closeout-20260614t143300z-workflow/health.yml
/Users/jamesryancooper/Projects/octon/.octon/generated/cognition/projections/materialized/runs/publish-1779305121205-490/health.yml
/Users/jamesryancooper/Projects/octon/.octon/generated/cognition/projections/materialized/runs/child-terminal-packet-delivery-wrapper-orchestration-autonomy-20260619t233500z-workflow-resolve-git-github-route/health.yml
/Users/jamesryancooper/Projects/octon/.octon/generated/cognition/projections/materialized/runs/child-terminal-blocked-delivery-receipt-semantics-20260619t215500z-workflow-emit-terminal-receipt/health.yml
/Users/jamesryancooper/Projects/octon/.octon/generated/cognition/projections/materialized/runs/20260629t234709z-run-program-clean-delivery-validators-terminal-closeout-run-program-clean-d-attempt-1-workflow-f2fd49af240151e4-classify-repo-hygiene/health.yml
/Users/jamesryancooper/Projects/octon/.octon/generated/cognition/projections/materialized/runs/child-terminal-blocked-delivery-receipt-semantics-20260619t204500z-workflow-resolve-git-github-route/health.yml
/Users/jamesryancooper/Projects/octon/.octon/generated/cognition/projections/materialized/runs/child-terminal-blocked-delivery-receipt-semantics-20260619t215500z-workflow-validate-publication-freshness/health.yml
/Users/jamesryancooper/Projects/octon/.octon/generated/cognition/projections/materialized/runs/20260629t233000z-run-program-clean-delivery-workflow-handoff-terminal-closeout-run-program-c-attempt-1-workflow-663e43f361826aed-verify-implementation-conformance/health.yml
/Users/jamesryancooper/Projects/octon/.octon/generated/cognition/projections/materialized/runs/proposal-program-delivery-terminal-closeout-20260614t065300z-workflow-stage-verify-durable-implementation-state/health.yml
/Users/jamesryancooper/Projects/octon/.octon/generated/cognition/projections/materialized/runs/20260629t212500z-run-program-clean-delivery-architecture-terminal-closeout-run-program-clean-attempt-1-workflow-70d779cb23b237c4-emit-terminal-receipt/health.yml
/Users/jamesryancooper/Projects/octon/.octon/generated/cognition/projections/materialized/runs/publish-1783033329744-50563/health.yml
/Users/jamesryancooper/Projects/octon/.octon/generated/cognition/projections/materialized/runs/lifecycle-proposal-program-1780359861667-024a957f-proposal-program-runner-aggregate-terminal-blockers-attempt-1-workflow-archive-proposal/health.yml
/Users/jamesryancooper/Projects/octon/.octon/generated/cognition/projections/materialized/runs/proposal-program-delivery-terminal-closeout-20260614t-generic1-run-evidence-only-reviews/health.yml
/Users/jamesryancooper/Projects/octon/.octon/generated/cognition/projections/materialized/runs/publish-1778805167655-36699/health.yml
/Users/jamesryancooper/Projects/octon/.octon/generated/cognition/projections/materialized/runs/lifecycle-proposal-program-1780365181691-f82832ef-proposal-program-runner-archive-observation-recovery-attempt-1-workflow/health.yml
/Users/jamesryancooper/Projects/octon/.octon/generated/cognition/projections/materialized/runs/publish-1781706018708-30647/health.yml
/Users/jamesryancooper/Projects/octon/.octon/generated/cognition/projections/materialized/runs/publish-1783031389406-54752/health.yml
/Users/jamesryancooper/Projects/octon/.octon/generated/cognition/projections/materialized/runs/proposal-packet-terminal-closeout-1781655098340-60748-resolve-git-github-route/health.yml
/Users/jamesryancooper/Projects/octon/.octon/generated/cognition/projections/materialized/runs/run-health-compact-manifest.yml
/Users/jamesryancooper/Projects/octon/.octon/generated/cognition/projections/materialized/runs/terminal-closeout-genericity-policy-fixture-20260614t-litmus1-resolve-git-github-route/health.yml
/Users/jamesryancooper/Projects/octon/.octon/generated/cognition/projections/materialized/runs/lifecycle-proposal-program-1780374272219-818e5cab-proposal-program-runner-terminal-gap-map-attempt-1-workflow-archive-proposal/health.yml
/Users/jamesryancooper/Projects/octon/.octon/generated/cognition/projections/materialized/runs/publish-1781706369815-88989/health.yml
/Users/jamesryancooper/Projects/octon/.octon/generated/cognition/projections/materialized/runs/20260629t211000z-run-program-clean-delivery-architecture-terminal-closeout-run-program-clean-attempt-1-workflow-d96468b559db0691-bind-profile/health.yml
/Users/jamesryancooper/Projects/octon/.octon/generated/cognition/projections/materialized/runs/20260629t234709z-run-program-clean-delivery-validators-terminal-closeout-run-program-clean-d-attempt-1-workflow-f2fd49af240151e4-verify-implementation-conformance/health.yml
/Users/jamesryancooper/Projects/octon/.octon/generated/cognition/projections/materialized/runs/20260629t231200z-run-program-clean-delivery-evidence-metadata-archive-run-program-clean-deli-attempt-1-workflow-de830f4c637eb76a-archive-proposal/health.yml
/Users/jamesryancooper/Projects/octon/.octon/generated/cognition/projections/materialized/runs/proposal-program-delivery-terminal-closeout-20260614t143700z-workflow-stage-verify-durable-implementation-state/health.yml
/Users/jamesryancooper/Projects/octon/.octon/generated/cognition/projections/materialized/runs/publish-1781707016892-39386/health.yml
/Users/jamesryancooper/Projects/octon/.octon/generated/cognition/projections/materialized/runs/lifecycle-proposal-program-1780374272219-818e5cab-proposal-program-runner-terminal-gap-map-attempt-1-workflow-validate-proposal/health.yml
/Users/jamesryancooper/Projects/octon/.octon/generated/cognition/projections/materialized/runs/publish-1779831340808-83084/health.yml
/Users/jamesryancooper/Projects/octon/.octon/generated/cognition/projections/materialized/runs/20260630t002949z-run-program-clean-delivery-operator-surface-archive-run-program-clean-deliv-attempt-1-workflow-cb479b9c32660e59-archive-proposal/health.yml
/Users/jamesryancooper/Projects/octon/.octon/generated/cognition/projections/materialized/runs/publish-1779572366558-89692/health.yml
/Users/jamesryancooper/Projects/octon/.octon/generated/cognition/projections/materialized/runs/child-terminal-git-mutation-sandbox-preflight-20260620t022500z-workflow-validate-publication-freshness/health.yml
/Users/jamesryancooper/Projects/octon/.octon/generated/cognition/projections/materialized/runs/20260629t234709z-run-program-clean-delivery-validators-terminal-closeout-run-program-clean-d-attempt-1-workflow-f2fd49af240151e4-bind-profile/health.yml
/Users/jamesryancooper/Projects/octon/.octon/generated/cognition/projections/materialized/runs/proposal-program-delivery-terminal-closeout-20260614t-repair2-resolve-git-github-route/health.yml
/Users/jamesryancooper/Projects/octon/.octon/generated/cognition/projections/materialized/runs/lifecycle-packet-proposal-program-execution-mode-normalization-terminal-closeout-20260623t184200z-workflow-classify-repo-hygiene/health.yml
/Users/jamesryancooper/Projects/octon/.octon/generated/cognition/projections/materialized/runs/20260629t233000z-run-program-clean-delivery-workflow-handoff-terminal-closeout-run-program-c-attempt-1-workflow-663e43f361826aed-bind-profile/health.yml
/Users/jamesryancooper/Projects/octon/.octon/generated/cognition/projections/materialized/runs/child-terminal-terminal-evidence-sink-autonomy-20260620t015000z-workflow-resolve-git-github-route/health.yml
/Users/jamesryancooper/Projects/octon/.octon/generated/cognition/projections/materialized/runs/20260629t214000z-run-program-clean-delivery-architecture-terminal-closeout-return-bound-run-attempt-1-workflow-648b347b5e87c807-run-evidence-only-reviews/health.yml
/Users/jamesryancooper/Projects/octon/.octon/generated/cognition/projections/materialized/runs/20260629t224500z-run-program-clean-delivery-runner-routing-terminal-closeout-run-program-cle-attempt-2-workflow-89078b1600b69266-classify-repo-hygiene/health.yml
/Users/jamesryancooper/Projects/octon/.octon/generated/cognition/projections/materialized/runs/governed-lifecycle-terminology-promote-execute-after-registry-refresh-workflow/health.yml
/Users/jamesryancooper/Projects/octon/.octon/generated/cognition/projections/materialized/runs/lifecycle-proposal-program-1780206033776-a4ac0a02-proposal-program-runner-generated-state-publication-workflow-validate-proposal/health.yml
/Users/jamesryancooper/Projects/octon/.octon/generated/cognition/projections/materialized/runs/proposal-packet-terminal-closeout-1781532766146-81551-run-evidence-only-reviews/health.yml
/Users/jamesryancooper/Projects/octon/.octon/generated/cognition/projections/materialized/runs/publish-1782144844123-76117/health.yml
/Users/jamesryancooper/Projects/octon/.octon/generated/cognition/projections/materialized/runs/publish-1779664893305-17522/health.yml
/Users/jamesryancooper/Projects/octon/.octon/generated/cognition/projections/materialized/runs/proposal-packet-terminal-closeout-1781655098340-60748-emit-terminal-receipt/health.yml
/Users/jamesryancooper/Projects/octon/.octon/generated/cognition/projections/materialized/runs/20260629t212500z-run-program-clean-delivery-architecture-terminal-closeout-run-program-clean-attempt-1-workflow-70d779cb23b237c4/health.yml
/Users/jamesryancooper/Projects/octon/.octon/generated/cognition/projections/materialized/runs/child-terminal-blocked-delivery-receipt-semantics-20260619t223500z-workflow-emit-terminal-receipt/health.yml
/Users/jamesryancooper/Projects/octon/.octon/generated/cognition/projections/materialized/runs/promote-proposal-1778780159929-14225/health.yml
/Users/jamesryancooper/Projects/octon/.octon/generated/cognition/projections/materialized/runs/publish-1777778510053-37929/health.yml
/Users/jamesryancooper/Projects/octon/.octon/generated/cognition/projections/materialized/runs/20260629t224500z-run-program-clean-delivery-runner-routing-terminal-closeout-run-program-cle-attempt-2-workflow-89078b1600b69266-verify-durable-implementation-state/health.yml
/Users/jamesryancooper/Projects/octon/.octon/generated/cognition/projections/materialized/runs/publish-1782135345805-59378/health.yml
/Users/jamesryancooper/Projects/octon/.octon/generated/cognition/projections/materialized/runs/publish-1777423080924-1883/health.yml
/Users/jamesryancooper/Projects/octon/.octon/generated/cognition/projections/materialized/runs/terminal-closeout-genericity-policy-fixture-20260614t-litmus1/health.yml
/Users/jamesryancooper/Projects/octon/.octon/generated/cognition/projections/materialized/runs/child-terminal-terminal-evidence-sink-autonomy-20260620t015000z-workflow/health.yml
/Users/jamesryancooper/Projects/octon/.octon/generated/cognition/projections/materialized/runs/lifecycle-proposal-program-1780202009638-c097cdb1-proposal-program-runner-evidence-run-control-workflow-validate-proposal/health.yml
/Users/jamesryancooper/Projects/octon/.octon/generated/cognition/projections/materialized/runs/publish-1782140837866-97177/health.yml
/Users/jamesryancooper/Projects/octon/.octon/generated/cognition/projections/materialized/runs/child-terminal-blocked-delivery-receipt-semantics-20260619t204500z-workflow-verify-post-implementation-drift/health.yml
/Users/jamesryancooper/Projects/octon/.octon/generated/cognition/projections/materialized/runs/terminal-closeout-genericity-policy-fixture-20260614t-litmus1-run-evidence-only-reviews/health.yml
/Users/jamesryancooper/Projects/octon/.octon/generated/cognition/projections/materialized/runs/20260629t225800z-run-program-clean-delivery-evidence-metadata-terminal-closeout-run-program-attempt-2-workflow-c882376191f6f1c6-run-evidence-only-reviews/health.yml
/Users/jamesryancooper/Projects/octon/.octon/generated/cognition/projections/materialized/runs/lifecycle-packet-proposal-program-execution-mode-normalization-terminal-closeout-20260623t180500z-workflow-classify-repo-hygiene/health.yml
/Users/jamesryancooper/Projects/octon/.octon/generated/cognition/projections/materialized/runs/publish-1782757956088-73180/health.yml
/Users/jamesryancooper/Projects/octon/.octon/generated/cognition/projections/materialized/runs/publish-1779577991253-20967/health.yml
/Users/jamesryancooper/Projects/octon/.octon/generated/cognition/projections/materialized/runs/uec-bounded-repo-shell-boundary-sensitive-20260409/health.yml
/Users/jamesryancooper/Projects/octon/.octon/generated/cognition/projections/materialized/runs/publish-1782661030547-24669/health.yml
/Users/jamesryancooper/Projects/octon/.octon/generated/cognition/projections/materialized/runs/publish-1782755190450-96514/health.yml
/Users/jamesryancooper/Projects/octon/.octon/generated/cognition/projections/materialized/runs/publish-1781703158850-83886/health.yml
/Users/jamesryancooper/Projects/octon/.octon/generated/cognition/projections/materialized/runs/publish-1777645854848-6068/health.yml
/Users/jamesryancooper/Projects/octon/.octon/generated/cognition/projections/materialized/runs/repo-consequential-preflight-workflow-20260413-v4-stage-inline/health.yml
/Users/jamesryancooper/Projects/octon/.octon/generated/cognition/projections/materialized/runs/lifecycle-proposal-program-1780368609961-c8285095-proposal-program-runner-parent-review-churn-attempt-1-workflow-validate-proposal/health.yml
/Users/jamesryancooper/Projects/octon/.octon/generated/cognition/projections/materialized/runs/proposal-packet-terminal-closeout-1781532430156-31491-verify-post-implementation-drift/health.yml
/Users/jamesryancooper/Projects/octon/.octon/generated/cognition/projections/materialized/runs/publish-1781129933656-2717/health.yml
/Users/jamesryancooper/Projects/octon/.octon/generated/cognition/projections/materialized/runs/terminal-closeout-genericity-policy-fixture-20260614t-litmus1-classify-repo-hygiene/health.yml
/Users/jamesryancooper/Projects/octon/.octon/generated/cognition/projections/materialized/runs/publish-1777471258209-32069/health.yml
/Users/jamesryancooper/Projects/octon/.octon/generated/cognition/projections/materialized/runs/publish-1782112249435-21634/health.yml
/Users/jamesryancooper/Projects/octon/.octon/generated/cognition/projections/materialized/runs/proposal-program-delivery-terminal-closeout-20260614t143300z-workflow-stage-bind-profile/health.yml
/Users/jamesryancooper/Projects/octon/.octon/generated/cognition/projections/materialized/runs/20260629t233000z-run-program-clean-delivery-workflow-handoff-terminal-closeout-run-program-c-attempt-2-workflow-a454b4b75825bab4-verify-post-implementation-drift/health.yml
/Users/jamesryancooper/Projects/octon/.octon/generated/cognition/projections/materialized/runs/child-terminal-git-mutation-sandbox-preflight-20260620t022500z-workflow-resolve-git-github-route/health.yml
/Users/jamesryancooper/Projects/octon/.octon/generated/cognition/projections/materialized/runs/publish-1781568010186-24168/health.yml
/Users/jamesryancooper/Projects/octon/.octon/generated/cognition/projections/materialized/runs/publish-1781907918362-45794/health.yml
/Users/jamesryancooper/Projects/octon/.octon/generated/cognition/projections/materialized/runs/proposal-packet-terminal-closeout-1781655098340-60748-run-evidence-only-reviews/health.yml
/Users/jamesryancooper/Projects/octon/.octon/generated/cognition/projections/materialized/runs/publish-1782668108291-3689/health.yml
/Users/jamesryancooper/Projects/octon/.octon/generated/cognition/projections/materialized/runs/proposal-packet-terminal-closeout-1781655242127-92710-verify-implementation-conformance/health.yml
/Users/jamesryancooper/Projects/octon/.octon/generated/cognition/projections/materialized/runs/lifecycle-packet-proposal-program-execution-mode-normalization-archive-20260623t184700z-workflow/health.yml
/Users/jamesryancooper/Projects/octon/.octon/generated/cognition/projections/materialized/runs/publish-1782114330171-73930/health.yml
/Users/jamesryancooper/Projects/octon/.octon/generated/cognition/projections/materialized/runs/publish-1777666570603-87006/health.yml
/Users/jamesryancooper/Projects/octon/.octon/generated/cognition/projections/materialized/runs/publish-1782131941445-85138/health.yml
/Users/jamesryancooper/Projects/octon/.octon/generated/cognition/projections/materialized/runs/20260629t225800z-run-program-clean-delivery-evidence-metadata-terminal-closeout-run-program-attempt-1-workflow-202946b1769b5524-validate-publication-freshness/health.yml
/Users/jamesryancooper/Projects/octon/.octon/generated/cognition/projections/materialized/runs/proposal-program-delivery-terminal-closeout-20260614t-generic1-emit-terminal-receipt/health.yml
/Users/jamesryancooper/Projects/octon/.octon/generated/cognition/projections/materialized/runs/lifecycle-proposal-program-1780195609892-a506d4ed-proposal-program-runner-planning-replan-loop-workflow-validate-proposal/health.yml
/Users/jamesryancooper/Projects/octon/.octon/generated/cognition/projections/materialized/runs/publish-1782755808706-32307/health.yml
/Users/jamesryancooper/Projects/octon/.octon/generated/cognition/projections/materialized/runs/lifecycle-proposal-program-1780317174756-c71457b9-proposal-program-runner-change-handoff-checkpoints-attempt-1-workflow-validate-proposal/health.yml
/Users/jamesryancooper/Projects/octon/.octon/generated/cognition/projections/materialized/runs/proposal-packet-terminal-closeout-1781654701207-1680-resolve-git-github-route/health.yml
/Users/jamesryancooper/Projects/octon/.octon/generated/cognition/projections/materialized/runs/publish-1777652598179-97374/health.yml
/Users/jamesryancooper/Projects/octon/.octon/generated/cognition/projections/materialized/runs/child-archive-packet-delivery-wrapper-orchestration-autonomy-20260619t234500z-workflow/health.yml
/Users/jamesryancooper/Projects/octon/.octon/generated/cognition/projections/materialized/runs/publish-1779831111592-14382/health.yml
/Users/jamesryancooper/Projects/octon/.octon/generated/cognition/projections/materialized/runs/20260629t224500z-run-program-clean-delivery-runner-routing-terminal-closeout-run-program-cle-attempt-2-workflow-89078b1600b69266-classify-worktree-hygiene/health.yml
/Users/jamesryancooper/Projects/octon/.octon/generated/cognition/projections/materialized/runs/uec-global-ci-observe-read-20260404/health.yml
/Users/jamesryancooper/Projects/octon/.octon/generated/cognition/projections/materialized/runs/proposal-program-delivery-terminal-closeout-20260614t-repair2-classify-repo-hygiene/health.yml
/Users/jamesryancooper/Projects/octon/.octon/generated/cognition/projections/materialized/runs/governed-lifecycle-terminology-promote-execute-after-routing-fix-workflow/health.yml
/Users/jamesryancooper/Projects/octon/.octon/generated/cognition/projections/materialized/runs/child-terminal-branch-no-pr-closeout-state-machine-autonomy-20260620t002000z-workflow-classify-worktree-hygiene/health.yml
/Users/jamesryancooper/Projects/octon/.octon/generated/cognition/projections/materialized/runs/publish-1782760701506-46650/health.yml
/Users/jamesryancooper/Projects/octon/.octon/generated/cognition/projections/materialized/runs/child-terminal-blocked-delivery-receipt-semantics-20260619t215500z-workflow/health.yml
/Users/jamesryancooper/Projects/octon/.octon/generated/cognition/projections/materialized/runs/20260629t234709z-run-program-clean-delivery-validators-terminal-closeout-run-program-clean-d-attempt-2-workflow-1abd4f66358a5ef1-verify-durable-implementation-state/health.yml
/Users/jamesryancooper/Projects/octon/.octon/generated/cognition/projections/materialized/runs/proposal-program-delivery-terminal-closeout-20260614t-repair2-verify-post-implementation-drift/health.yml
/Users/jamesryancooper/Projects/octon/.octon/generated/cognition/projections/materialized/runs/lifecycle-proposal-program-1780371356640-b6b367b3-proposal-program-runner-terminal-routing-tests-attempt-1-workflow/health.yml
/Users/jamesryancooper/Projects/octon/.octon/generated/cognition/projections/materialized/runs/publish-1782135345805-59408/health.yml
/Users/jamesryancooper/Projects/octon/.octon/generated/cognition/projections/materialized/runs/publish-1777677401499-41587/health.yml
/Users/jamesryancooper/Projects/octon/.octon/generated/cognition/projections/materialized/runs/lifecycle-proposal-program-1780367213145-06076fbb-proposal-program-runner-parent-review-churn-attempt-1-workflow-validate-proposal/health.yml
/Users/jamesryancooper/Projects/octon/.octon/generated/cognition/projections/materialized/runs/proposal-packet-terminal-closeout-1781485109759-19805-resolve-git-github-route/health.yml
/Users/jamesryancooper/Projects/octon/.octon/generated/cognition/projections/materialized/runs/publish-1782238262862-2396/health.yml
/Users/jamesryancooper/Projects/octon/.octon/generated/cognition/projections/materialized/runs/child-terminal-branch-no-pr-closeout-state-machine-autonomy-20260620t001000z-workflow-emit-terminal-receipt/health.yml
/Users/jamesryancooper/Projects/octon/.octon/generated/cognition/projections/materialized/runs/20260629t234500z-run-program-clean-delivery-workflow-handoff-archive-run-program-clean-deliv-attempt-1-workflow-5f807194ee08c9b4-archive-proposal/health.yml
/Users/jamesryancooper/Projects/octon/.octon/generated/cognition/projections/materialized/runs/20260630t001705z-run-program-clean-delivery-operator-surface-terminal-closeout-run-program-c-attempt-1-workflow-9b3bacc5074d538e-validate-feature-catalog-drift/health.yml
/Users/jamesryancooper/Projects/octon/.octon/generated/cognition/projections/materialized/runs/promote-proposal-1781374570346-58963/health.yml
/Users/jamesryancooper/Projects/octon/.octon/generated/cognition/projections/materialized/runs/20260629t230000z-run-program-clean-delivery-runner-routing-archive-run-program-clean-delivery-runner-routing-attempt-1-workflow-validate-proposal/health.yml
/Users/jamesryancooper/Projects/octon/.octon/generated/cognition/projections/materialized/runs/child-terminal-terminal-evidence-sink-autonomy-20260620t015000z-workflow-verify-durable-implementation-state/health.yml
/Users/jamesryancooper/Projects/octon/.octon/generated/cognition/projections/materialized/runs/fixture-retention-closeout-1781484204063-17775-resolve-fixture-identity/health.yml
/Users/jamesryancooper/Projects/octon/.octon/generated/cognition/projections/materialized/runs/proposal-program-delivery-terminal-closeout-20260614t064100z-workflow/health.yml
/Users/jamesryancooper/Projects/octon/.octon/generated/cognition/projections/materialized/runs/uec-evaluate-harness-20260401-agent-augmented-1/health.yml
/Users/jamesryancooper/Projects/octon/.octon/generated/cognition/projections/materialized/runs/child-archive-blocked-delivery-receipt-semantics-20260619t230000z-workflow-validate-proposal/health.yml
/Users/jamesryancooper/Projects/octon/.octon/generated/cognition/projections/materialized/runs/publish-1782112218296-12290/health.yml
/Users/jamesryancooper/Projects/octon/.octon/generated/cognition/projections/materialized/runs/run-wave3-runtime-bridge-20260327/health.yml
/Users/jamesryancooper/Projects/octon/.octon/generated/cognition/projections/materialized/runs/child-terminal-blocked-delivery-receipt-semantics-20260619t204500z-workflow-bind-profile/health.yml
/Users/jamesryancooper/Projects/octon/.octon/generated/cognition/projections/materialized/runs/20260629t143500z-run-program-clean-delivery-validators-promote-workflow-promote-proposal/health.yml
/Users/jamesryancooper/Projects/octon/.octon/generated/cognition/projections/materialized/runs/publish-1780370058489-22311/health.yml
/Users/jamesryancooper/Projects/octon/.octon/generated/cognition/projections/materialized/runs/proposal-packet-terminal-closeout-1781655242127-92710-emit-terminal-receipt/health.yml
/Users/jamesryancooper/Projects/octon/.octon/generated/cognition/projections/materialized/runs/20260629t233000z-run-program-clean-delivery-workflow-handoff-terminal-closeout-run-program-c-attempt-2-workflow-a454b4b75825bab4-bind-profile/health.yml
/Users/jamesryancooper/Projects/octon/.octon/generated/cognition/projections/materialized/runs/child-terminal-blocked-delivery-receipt-semantics-20260619t224500z-workflow-classify-repo-hygiene/health.yml
/Users/jamesryancooper/Projects/octon/.octon/generated/cognition/projections/materialized/runs/publish-1777645695599-82172/health.yml
/Users/jamesryancooper/Projects/octon/.octon/generated/cognition/projections/materialized/runs/run-wave4-benchmark-evaluator-20260327/health.yml
/Users/jamesryancooper/Projects/octon/.octon/generated/cognition/projections/materialized/runs/child-terminal-terminal-evidence-sink-autonomy-20260620t015000z-workflow-verify-post-implementation-drift/health.yml
/Users/jamesryancooper/Projects/octon/.octon/generated/cognition/projections/materialized/runs/20260629t214000z-run-program-clean-delivery-architecture-terminal-closeout-return-bound-run-attempt-1-workflow-648b347b5e87c807-verify-post-implementation-drift/health.yml
/Users/jamesryancooper/Projects/octon/.octon/generated/cognition/projections/materialized/runs/bootstrap-doctor-workflow-20260413-v4/health.yml
/Users/jamesryancooper/Projects/octon/.octon/generated/cognition/projections/materialized/runs/child-terminal-packet-worktree-partitioning-automation-20260620t011500z-workflow-classify-worktree-hygiene/health.yml
/Users/jamesryancooper/Projects/octon/.octon/generated/cognition/projections/materialized/runs/lifecycle-proposal-program-1780358031674-bffdc1fc-proposal-program-runner-aggregate-terminal-blockers-attempt-2-workflow/health.yml
/Users/jamesryancooper/Projects/octon/.octon/generated/cognition/projections/materialized/runs/publish-1782755800609-31601/health.yml
/Users/jamesryancooper/Projects/octon/.octon/generated/cognition/projections/materialized/runs/20260629t214000z-run-program-clean-delivery-architecture-terminal-closeout-return-bound-run-attempt-1-workflow-648b347b5e87c807-validate-feature-catalog-drift/health.yml
/Users/jamesryancooper/Projects/octon/.octon/generated/cognition/projections/materialized/runs/lifecycle-proposal-program-1780281357651-efd8ad68-proposal-program-runner-terminal-gap-map-workflow/health.yml
/Users/jamesryancooper/Projects/octon/.octon/generated/cognition/projections/materialized/runs/proposal-packet-terminal-closeout-1781532430156-31491-verify-durable-implementation-state/health.yml
/Users/jamesryancooper/Projects/octon/.octon/generated/cognition/projections/materialized/runs/proposal-packet-terminal-closeout-1781532430156-31491-bind-profile/health.yml
/Users/jamesryancooper/Projects/octon/.octon/generated/cognition/projections/materialized/runs/publish-1781129962997-11772/health.yml
/Users/jamesryancooper/Projects/octon/.octon/generated/cognition/projections/materialized/runs/publish-1779831111648-14347/health.yml
/Users/jamesryancooper/Projects/octon/.octon/generated/cognition/projections/materialized/runs/20260629t234709z-run-program-clean-delivery-validators-terminal-closeout-run-program-clean-d-attempt-1-workflow-f2fd49af240151e4-validate-publication-freshness/health.yml
/Users/jamesryancooper/Projects/octon/.octon/generated/cognition/projections/materialized/runs/archive-proposal-1778522826862-49940/health.yml
/Users/jamesryancooper/Projects/octon/.octon/generated/cognition/projections/materialized/runs/lifecycle-proposal-program-1781044709943-8b260950-delegated-governance-inventory-and-vocabulary-attempt-1-workflow-validate-proposal/health.yml
/Users/jamesryancooper/Projects/octon/.octon/generated/cognition/projections/materialized/runs/lifecycle-proposal-program-1780332106495-e12892f0-proposal-program-runner-promotion-evidence-binding-attempt-1-workflow-validate-proposal/health.yml
/Users/jamesryancooper/Projects/octon/.octon/generated/cognition/projections/materialized/runs/20260629t225800z-run-program-clean-delivery-evidence-metadata-terminal-closeout-run-program-attempt-1-workflow-202946b1769b5524-verify-post-implementation-drift/health.yml
/Users/jamesryancooper/Projects/octon/.octon/generated/cognition/projections/materialized/runs/20260629t234709z-run-program-clean-delivery-validators-terminal-closeout-run-program-clean-d-attempt-2-workflow-1abd4f66358a5ef1-verify-post-implementation-drift/health.yml
/Users/jamesryancooper/Projects/octon/.octon/generated/cognition/projections/materialized/runs/tool-1783032212821-43862/health.yml
/Users/jamesryancooper/Projects/octon/.octon/generated/cognition/projections/materialized/runs/publish-1782238041500-35653/health.yml
/Users/jamesryancooper/Projects/octon/.octon/generated/cognition/projections/materialized/runs/20260629t225800z-run-program-clean-delivery-evidence-metadata-terminal-closeout-run-program-attempt-2-workflow-c882376191f6f1c6-validate-publication-freshness/health.yml
/Users/jamesryancooper/Projects/octon/.octon/generated/cognition/projections/materialized/runs/20260629t211000z-run-program-clean-delivery-architecture-terminal-closeout-run-program-clean-attempt-1-workflow-d96468b559db0691-verify-post-implementation-drift/health.yml
/Users/jamesryancooper/Projects/octon/.octon/generated/cognition/projections/materialized/runs/publish-1781706369757-88990/health.yml
/Users/jamesryancooper/Projects/octon/.octon/generated/cognition/projections/materialized/runs/publish-1783031147688-89857/health.yml
/Users/jamesryancooper/Projects/octon/.octon/generated/cognition/projections/materialized/runs/archive-proposal-1781368130239-25053-validate-proposal/health.yml
/Users/jamesryancooper/Projects/octon/.octon/generated/cognition/projections/materialized/runs/proposal-packet-terminal-closeout-1781485109759-19805-bind-profile/health.yml
/Users/jamesryancooper/Projects/octon/.octon/generated/cognition/projections/materialized/runs/publish-1781416763928-20288/health.yml
/Users/jamesryancooper/Projects/octon/.octon/generated/cognition/projections/materialized/runs/publish-1782135345805-59407/health.yml
/Users/jamesryancooper/Projects/octon/.octon/generated/cognition/projections/materialized/runs/publish-1782668248001-90335/health.yml
/Users/jamesryancooper/Projects/octon/.octon/generated/cognition/projections/materialized/runs/child-terminal-blocked-delivery-receipt-semantics-20260619t224500z-workflow-validate-publication-freshness/health.yml
/Users/jamesryancooper/Projects/octon/.octon/generated/cognition/projections/materialized/runs/20260629t233000z-run-program-clean-delivery-workflow-handoff-terminal-closeout-run-program-c-attempt-1-workflow-663e43f361826aed-verify-post-implementation-drift/health.yml
/Users/jamesryancooper/Projects/octon/.octon/generated/cognition/projections/materialized/runs/20260629t224500z-run-program-clean-delivery-runner-routing-terminal-closeout-run-program-cle-attempt-1-workflow-8c1ae78cb66aa179-verify-implementation-conformance/health.yml
/Users/jamesryancooper/Projects/octon/.octon/generated/cognition/projections/materialized/runs/lifecycle-proposal-program-1780377012124-14433e66-proposal-program-runner-parent-review-churn-attempt-1-workflow-validate-proposal/health.yml
/Users/jamesryancooper/Projects/octon/.octon/generated/cognition/projections/materialized/runs/20260629t235957z-run-program-clean-delivery-validators-archive-run-program-clean-delivery-validators-attempt-1-workflow/health.yml
/Users/jamesryancooper/Projects/octon/.octon/generated/cognition/projections/materialized/runs/lifecycle-proposal-program-1780317174756-c71457b9-proposal-program-runner-change-handoff-checkpoints-attempt-1-workflow-archive-proposal/health.yml
/Users/jamesryancooper/Projects/octon/.octon/generated/cognition/projections/materialized/runs/publish-1782755247661-18453/health.yml
/Users/jamesryancooper/Projects/octon/.octon/generated/cognition/projections/materialized/runs/publish-1781652500738-62109/health.yml
/Users/jamesryancooper/Projects/octon/.octon/generated/cognition/projections/materialized/runs/publish-1780371148025-38957/health.yml
/Users/jamesryancooper/Projects/octon/.octon/generated/cognition/projections/materialized/runs/20260629t233000z-run-program-clean-delivery-workflow-handoff-terminal-closeout-run-program-c-attempt-1-workflow-663e43f361826aed-run-evidence-only-reviews/health.yml
/Users/jamesryancooper/Projects/octon/.octon/generated/cognition/projections/materialized/runs/child-terminal-packet-delivery-wrapper-orchestration-autonomy-20260619t233500z-workflow-run-evidence-only-reviews/health.yml
/Users/jamesryancooper/Projects/octon/.octon/generated/cognition/projections/materialized/runs/20260628t170000z-run-program-clean-delivery-architecture-promote-workflow-validate-proposal/health.yml
/Users/jamesryancooper/Projects/octon/.octon/generated/cognition/projections/materialized/runs/child-terminal-blocked-delivery-receipt-semantics-20260619t224500z-workflow-verify-implementation-conformance/health.yml
/Users/jamesryancooper/Projects/octon/.octon/generated/cognition/projections/materialized/runs/lifecycle-packet-proposal-program-execution-mode-normalization-terminal-closeout-20260623t184200z-workflow-verify-post-implementation-drift/health.yml
/Users/jamesryancooper/Projects/octon/.octon/generated/cognition/projections/materialized/runs/child-archive-blocked-delivery-receipt-semantics-20260619t230000z-workflow-archive-proposal/health.yml
/Users/jamesryancooper/Projects/octon/.octon/generated/cognition/projections/materialized/runs/20260629t224500z-run-program-clean-delivery-runner-routing-terminal-closeout-run-program-cle-attempt-1-workflow-8c1ae78cb66aa179-bind-profile/health.yml
/Users/jamesryancooper/Projects/octon/.octon/generated/cognition/projections/materialized/runs/publish-1783033801057-10084/health.yml
/Users/jamesryancooper/Projects/octon/.octon/generated/cognition/projections/materialized/runs/20260629t234709z-run-program-clean-delivery-validators-terminal-closeout-run-program-clean-d-attempt-2-workflow-1abd4f66358a5ef1-classify-repo-hygiene/health.yml
/Users/jamesryancooper/Projects/octon/.octon/generated/cognition/projections/materialized/runs/lifecycle-proposal-program-1780234304673-15c0d1d9-proposal-program-runner-verification-correction-routing-workflow/health.yml
/Users/jamesryancooper/Projects/octon/.octon/generated/cognition/projections/materialized/runs/publish-1781571280631-17534/health.yml
/Users/jamesryancooper/Projects/octon/.octon/generated/cognition/projections/materialized/runs/lifecycle-proposal-program-1780359861667-024a957f-proposal-program-runner-aggregate-terminal-blockers-attempt-1-workflow/health.yml
/Users/jamesryancooper/Projects/octon/.octon/generated/cognition/projections/materialized/runs/publish-1779550249609-89204/health.yml
/Users/jamesryancooper/Projects/octon/.octon/generated/cognition/projections/materialized/runs/proposal-program-delivery-terminal-closeout-20260614t-repair-verify-post-implementation-drift/health.yml
/Users/jamesryancooper/Projects/octon/.octon/generated/cognition/projections/materialized/runs/publish-1777424810079-75845/health.yml
/Users/jamesryancooper/Projects/octon/.octon/generated/cognition/projections/materialized/runs/lifecycle-proposal-program-1780206033776-a4ac0a02-proposal-program-runner-child-scheduling-recovery-workflow/health.yml
/Users/jamesryancooper/Projects/octon/.octon/generated/cognition/projections/materialized/runs/20260630t002949z-run-program-clean-delivery-operator-surface-archive-run-program-clean-deliv-attempt-1-workflow-cb479b9c32660e59-validate-proposal/health.yml
/Users/jamesryancooper/Projects/octon/.octon/generated/cognition/projections/materialized/runs/publish-1782124140572-50553/health.yml
/Users/jamesryancooper/Projects/octon/.octon/generated/cognition/projections/materialized/runs/proposal-packet-terminal-closeout-1781655098340-60748-verify-post-implementation-drift/health.yml
/Users/jamesryancooper/Projects/octon/.octon/generated/cognition/projections/materialized/runs/child-terminal-blocked-delivery-receipt-semantics-20260619t223500z-workflow/health.yml
/Users/jamesryancooper/Projects/octon/.octon/generated/cognition/projections/materialized/runs/publish-1780351579593-72851/health.yml
/Users/jamesryancooper/Projects/octon/.octon/generated/cognition/projections/materialized/runs/publish-1779572637464-34223/health.yml
/Users/jamesryancooper/Projects/octon/.octon/generated/cognition/projections/materialized/runs/publish-1781653519550-68383/health.yml
/Users/jamesryancooper/Projects/octon/.octon/generated/cognition/projections/materialized/runs/child-archive-terminal-evidence-sink-autonomy-20260620t020500z-workflow/health.yml
/Users/jamesryancooper/Projects/octon/.octon/generated/cognition/projections/materialized/runs/archive-proposal-validate-proposal/health.yml
/Users/jamesryancooper/Projects/octon/.octon/generated/cognition/projections/materialized/runs/child-terminal-terminal-evidence-sink-autonomy-20260620t015000z-workflow-classify-worktree-hygiene/health.yml
/Users/jamesryancooper/Projects/octon/.octon/generated/cognition/projections/materialized/runs/child-archive-git-mutation-sandbox-preflight-20260620t024000z-workflow/health.yml
/Users/jamesryancooper/Projects/octon/.octon/generated/cognition/projections/materialized/runs/lifecycle-proposal-program-1780371356640-b6b367b3-proposal-program-runner-terminal-routing-tests-attempt-1-workflow-validate-proposal/health.yml
/Users/jamesryancooper/Projects/octon/.octon/generated/cognition/projections/materialized/runs/proposal-program-delivery-terminal-closeout-20260614t-repair2-verify-implementation-conformance/health.yml
/Users/jamesryancooper/Projects/octon/.octon/generated/cognition/projections/materialized/runs/publish-1781652074268-85963/health.yml
/Users/jamesryancooper/Projects/octon/.octon/generated/cognition/projections/materialized/runs/promote-proposal-1779550336436-99347-promote-proposal/health.yml
/Users/jamesryancooper/Projects/octon/.octon/generated/cognition/projections/materialized/runs/child-terminal-blocked-delivery-receipt-semantics-20260619t224500z-workflow/health.yml
/Users/jamesryancooper/Projects/octon/.octon/generated/cognition/projections/materialized/runs/lifecycle-proposal-program-1780317054510-6a411e7e-proposal-program-runner-change-handoff-checkpoints-attempt-2-workflow/health.yml
/Users/jamesryancooper/Projects/octon/.octon/generated/cognition/projections/materialized/runs/child-terminal-branch-no-pr-closeout-state-machine-autonomy-20260620t001000z-workflow-classify-worktree-hygiene/health.yml
/Users/jamesryancooper/Projects/octon/.octon/generated/cognition/projections/materialized/runs/archive-proposal-1781655380444-23350-validate-proposal/health.yml
/Users/jamesryancooper/Projects/octon/.octon/generated/cognition/projections/materialized/runs/child-terminal-terminal-evidence-sink-autonomy-20260620t015000z-workflow-classify-repo-hygiene/health.yml
/Users/jamesryancooper/Projects/octon/.octon/generated/cognition/projections/materialized/runs/20260629t225800z-run-program-clean-delivery-evidence-metadata-terminal-closeout-run-program-attempt-1-workflow-202946b1769b5524-bind-profile/health.yml
/Users/jamesryancooper/Projects/octon/.octon/generated/cognition/projections/materialized/runs/proposal-program-delivery-terminal-closeout-20260614t064600z-workflow-stage-verify-durable-implementation-state/health.yml
/Users/jamesryancooper/Projects/octon/.octon/generated/cognition/projections/materialized/runs/proposal-packet-terminal-closeout-1781532766146-81551-classify-worktree-hygiene/health.yml
/Users/jamesryancooper/Projects/octon/.octon/generated/cognition/projections/materialized/runs/lifecycle-packet-proposal-program-execution-mode-normalization-terminal-closeout-20260623t184200z-workflow-bind-profile/health.yml
/Users/jamesryancooper/Projects/octon/.octon/generated/cognition/projections/materialized/runs/publish-1777677297712-9334/health.yml
/Users/jamesryancooper/Projects/octon/.octon/generated/cognition/projections/materialized/runs/20260629t214000z-run-program-clean-delivery-architecture-terminal-closeout-return-bound-run-attempt-1-workflow-648b347b5e87c807-classify-worktree-hygiene/health.yml
/Users/jamesryancooper/Projects/octon/.octon/generated/cognition/projections/materialized/runs/20260629t233000z-run-program-clean-delivery-workflow-handoff-terminal-closeout-run-program-c-attempt-1-workflow-663e43f361826aed-emit-terminal-receipt/health.yml
/Users/jamesryancooper/Projects/octon/.octon/generated/cognition/projections/materialized/runs/20260630t002949z-run-program-clean-delivery-operator-surface-archive-run-program-clean-deliv-attempt-1-workflow-cb479b9c32660e59/health.yml
/Users/jamesryancooper/Projects/octon/.octon/generated/cognition/projections/materialized/runs/20260629t224500z-run-program-clean-delivery-runner-routing-terminal-closeout-run-program-cle-attempt-1-workflow-8c1ae78cb66aa179/health.yml
/Users/jamesryancooper/Projects/octon/.octon/generated/cognition/projections/materialized/runs/lifecycle-proposal-program-1780332106495-e12892f0-proposal-program-runner-promotion-evidence-binding-attempt-1-workflow/health.yml
/Users/jamesryancooper/Projects/octon/.octon/generated/cognition/projections/materialized/runs/publish-1780314808828-95270/health.yml
/Users/jamesryancooper/Projects/octon/.octon/generated/cognition/projections/materialized/runs/lifecycle-proposal-program-1780365181691-f82832ef-proposal-program-runner-archive-observation-recovery-attempt-1-workflow-archive-proposal/health.yml
/Users/jamesryancooper/Projects/octon/.octon/generated/cognition/projections/materialized/runs/lifecycle-proposal-program-1780358031674-bffdc1fc-proposal-program-runner-aggregate-terminal-blockers-attempt-2-workflow-validate-proposal/health.yml
/Users/jamesryancooper/Projects/octon/.octon/generated/cognition/projections/materialized/runs/proposal-packet-terminal-closeout-1781484250284-21530-resolve-git-github-route/health.yml
/Users/jamesryancooper/Projects/octon/.octon/generated/cognition/projections/materialized/runs/child-terminal-blocked-delivery-receipt-semantics-20260619t223500z-workflow-verify-durable-implementation-state/health.yml
/Users/jamesryancooper/Projects/octon/.octon/generated/cognition/projections/materialized/runs/20260629t234709z-run-program-clean-delivery-validators-terminal-closeout-run-program-clean-d-attempt-2-workflow-1abd4f66358a5ef1-validate-feature-catalog-drift/health.yml
/Users/jamesryancooper/Projects/octon/.octon/generated/cognition/projections/materialized/runs/child-terminal-blocked-delivery-receipt-semantics-20260619t204500z-workflow-emit-terminal-receipt/health.yml
/Users/jamesryancooper/Projects/octon/.octon/generated/cognition/projections/materialized/runs/publish-1781129689199-29831/health.yml
/Users/jamesryancooper/Projects/octon/.octon/generated/cognition/projections/materialized/runs/lifecycle-packet-proposal-program-execution-mode-normalization-terminal-closeout-20260623t184200z-workflow-verify-implementation-conformance/health.yml
/Users/jamesryancooper/Projects/octon/.octon/generated/cognition/projections/materialized/runs/publish-1777471375866-58163/health.yml
/Users/jamesryancooper/Projects/octon/.octon/generated/cognition/projections/materialized/runs/proposal-program-delivery-terminal-closeout-20260614t065300z-workflow/health.yml
/Users/jamesryancooper/Projects/octon/.octon/generated/cognition/projections/materialized/runs/lifecycle-proposal-program-1780319092074-379a4077-proposal-program-runner-aggregate-terminal-blockers-attempt-1-workflow-promote-proposal/health.yml
/Users/jamesryancooper/Projects/octon/.octon/generated/cognition/projections/materialized/runs/publish-1779664875075-15831/health.yml
/Users/jamesryancooper/Projects/octon/.octon/generated/cognition/projections/materialized/runs/publish-1782356187394-82609/health.yml
/Users/jamesryancooper/Projects/octon/.octon/generated/cognition/projections/materialized/runs/20260629t231200z-run-program-clean-delivery-evidence-metadata-archive-run-program-clean-deli-attempt-1-workflow-de830f4c637eb76a/health.yml
/Users/jamesryancooper/Projects/octon/.octon/generated/cognition/projections/materialized/runs/proposal-packet-terminal-closeout-1781484250284-21530-bind-profile/health.yml
/Users/jamesryancooper/Projects/octon/.octon/generated/cognition/projections/materialized/runs/repo-shell-supported-scenario-workflow-20260413-v4-stage-inline/health.yml
/Users/jamesryancooper/Projects/octon/.octon/generated/cognition/projections/materialized/runs/publish-1782760679643-37969/health.yml
/Users/jamesryancooper/Projects/octon/.octon/generated/cognition/projections/materialized/runs/publish-1782114354356-82583/health.yml
/Users/jamesryancooper/Projects/octon/.octon/generated/cognition/projections/materialized/runs/lifecycle-proposal-program-1780368609961-c8285095-proposal-program-runner-parent-review-churn-attempt-1-workflow/health.yml
/Users/jamesryancooper/Projects/octon/.octon/generated/cognition/projections/materialized/runs/proposal-packet-terminal-closeout-1781532430156-31491-verify-implementation-conformance/health.yml
/Users/jamesryancooper/Projects/octon/.octon/generated/cognition/projections/materialized/runs/20260629t212500z-run-program-clean-delivery-architecture-terminal-closeout-run-program-clean-attempt-1-workflow-70d779cb23b237c4-validate-feature-catalog-drift/health.yml
/Users/jamesryancooper/Projects/octon/.octon/generated/cognition/projections/materialized/runs/publish-1782114364286-83241/health.yml
/Users/jamesryancooper/Projects/octon/.octon/generated/cognition/projections/materialized/runs/20260629t233000z-run-program-clean-delivery-workflow-handoff-terminal-closeout-run-program-c-attempt-2-workflow-a454b4b75825bab4-verify-implementation-conformance/health.yml
/Users/jamesryancooper/Projects/octon/.octon/generated/cognition/projections/materialized/runs/lifecycle-proposal-program-1780377743127-14a6d678-proposal-program-runner-terminal-routing-tests-attempt-1-workflow-validate-proposal/health.yml
/Users/jamesryancooper/Projects/octon/.octon/generated/cognition/projections/materialized/runs/20260629t225800z-run-program-clean-delivery-evidence-metadata-terminal-closeout-run-program-attempt-1-workflow-202946b1769b5524-emit-terminal-receipt/health.yml
/Users/jamesryancooper/Projects/octon/.octon/generated/cognition/projections/materialized/runs/child-terminal-packet-worktree-partitioning-automation-20260620t011500z-workflow/health.yml
/Users/jamesryancooper/Projects/octon/.octon/generated/cognition/projections/materialized/runs/proposal-packet-terminal-closeout-1781485109759-19805-emit-terminal-receipt/health.yml
/Users/jamesryancooper/Projects/octon/.octon/generated/cognition/projections/materialized/runs/publish-1777775701772-1640/health.yml
/Users/jamesryancooper/Projects/octon/.octon/generated/cognition/projections/materialized/runs/publish-1782355980373-22741/health.yml
/Users/jamesryancooper/Projects/octon/.octon/generated/cognition/projections/materialized/runs/20260629t225800z-run-program-clean-delivery-evidence-metadata-terminal-closeout-run-program-attempt-1-workflow-202946b1769b5524-verify-implementation-conformance/health.yml
/Users/jamesryancooper/Projects/octon/.octon/generated/cognition/projections/materialized/runs/20260629t225800z-run-program-clean-delivery-evidence-metadata-terminal-closeout-run-program-attempt-2-workflow-c882376191f6f1c6-classify-repo-hygiene/health.yml
/Users/jamesryancooper/Projects/octon/.octon/generated/cognition/projections/materialized/runs/publish-1781483944662-66410/health.yml
/Users/jamesryancooper/Projects/octon/.octon/generated/cognition/projections/materialized/runs/proposal-program-delivery-terminal-closeout-20260614t-repair3-verify-durable-implementation-state/health.yml
/Users/jamesryancooper/Projects/octon/.octon/generated/cognition/projections/materialized/runs/child-terminal-branch-no-pr-closeout-state-machine-autonomy-20260620t001000z-workflow-validate-publication-freshness/health.yml
/Users/jamesryancooper/Projects/octon/.octon/generated/cognition/projections/materialized/runs/publish-1781568043546-40204/health.yml
/Users/jamesryancooper/Projects/octon/.octon/generated/cognition/projections/materialized/runs/lifecycle-proposal-program-1780206033776-a4ac0a02-proposal-program-runner-child-scheduling-recovery-workflow-validate-proposal/health.yml
/Users/jamesryancooper/Projects/octon/.octon/generated/cognition/projections/materialized/runs/publish-1781653568110-83238/health.yml
/Users/jamesryancooper/Projects/octon/.octon/generated/cognition/projections/materialized/runs/20260629t225800z-run-program-clean-delivery-evidence-metadata-terminal-closeout-run-program-attempt-2-workflow-c882376191f6f1c6-classify-worktree-hygiene/health.yml
/Users/jamesryancooper/Projects/octon/.octon/generated/cognition/projections/materialized/runs/publish-1777424884404-97686/health.yml
/Users/jamesryancooper/Projects/octon/.octon/generated/cognition/projections/materialized/runs/proposal-packet-terminal-closeout-1781485109759-19805-verify-durable-implementation-state/health.yml
/Users/jamesryancooper/Projects/octon/.octon/generated/cognition/projections/materialized/runs/publish-1783031413246-58454/health.yml
/Users/jamesryancooper/Projects/octon/.octon/generated/cognition/projections/materialized/runs/promote-lifecycle-autopilot-effective-catalog-portability-correction-20260511/health.yml
/Users/jamesryancooper/Projects/octon/.octon/generated/cognition/projections/materialized/runs/lifecycle-proposal-program-1780365181691-f82832ef-proposal-program-runner-archive-observation-recovery-attempt-1-workflow-validate-proposal/health.yml
/Users/jamesryancooper/Projects/octon/.octon/generated/cognition/projections/materialized/runs/publish-1782140422169-83410/health.yml
/Users/jamesryancooper/Projects/octon/.octon/generated/cognition/projections/materialized/runs/lifecycle-proposal-packet-1781703585602-43fd2f19-workflow-promote-proposal/health.yml
/Users/jamesryancooper/Projects/octon/.octon/generated/cognition/projections/materialized/runs/lifecycle-proposal-program-1780345555951-52c388a5-proposal-program-runner-publication-freshness-preflight-attempt-1-workflow-validate-proposal/health.yml
/Users/jamesryancooper/Projects/octon/.octon/generated/cognition/projections/materialized/runs/lifecycle-proposal-program-1778904192406-8da93d7a-workflow-history-replay-idempotency-compensation/health.yml
/Users/jamesryancooper/Projects/octon/.octon/generated/cognition/projections/materialized/runs/child-archive-packet-delivery-wrapper-orchestration-autonomy-20260619t234500z-workflow-archive-proposal/health.yml
/Users/jamesryancooper/Projects/octon/.octon/generated/cognition/projections/materialized/runs/publish-1779646524899-44577/health.yml
/Users/jamesryancooper/Projects/octon/.octon/generated/cognition/projections/materialized/runs/terminal-closeout-genericity-policy-fixture-20260614t-litmus1-classify-worktree-hygiene/health.yml
/Users/jamesryancooper/Projects/octon/.octon/generated/cognition/projections/materialized/runs/child-terminal-generated-freshness-scope-detection-20260620t004200z-workflow-emit-terminal-receipt/health.yml
/Users/jamesryancooper/Projects/octon/.octon/generated/cognition/projections/materialized/runs/publish-1780371165128-46714/health.yml
/Users/jamesryancooper/Projects/octon/.octon/generated/cognition/projections/materialized/runs/20260629t224500z-run-program-clean-delivery-runner-routing-terminal-closeout-run-program-cle-attempt-2-workflow-89078b1600b69266-validate-feature-catalog-drift/health.yml
/Users/jamesryancooper/Projects/octon/.octon/generated/cognition/projections/materialized/runs/child-terminal-generated-freshness-scope-detection-20260620t004200z-workflow-bind-profile/health.yml
/Users/jamesryancooper/Projects/octon/.octon/generated/cognition/projections/materialized/runs/promote-proposal-1778907502763-54233-validate-proposal/health.yml
/Users/jamesryancooper/Projects/octon/.octon/generated/cognition/projections/materialized/runs/proposal-packet-terminal-closeout-1781484868797-71460-classify-repo-hygiene/health.yml
/Users/jamesryancooper/Projects/octon/.octon/generated/cognition/projections/materialized/runs/proposal-packet-terminal-closeout-1781655242127-92710-bind-profile/health.yml
/Users/jamesryancooper/Projects/octon/.octon/generated/cognition/projections/materialized/runs/child-terminal-blocked-delivery-receipt-semantics-20260619t220500z-workflow-emit-terminal-receipt/health.yml
/Users/jamesryancooper/Projects/octon/.octon/generated/cognition/projections/materialized/runs/child-archive-git-mutation-sandbox-preflight-20260620t024000z-workflow-archive-proposal/health.yml
/Users/jamesryancooper/Projects/octon/.octon/generated/cognition/projections/materialized/runs/publish-1781012217873-60428/health.yml
/Users/jamesryancooper/Projects/octon/.octon/generated/cognition/projections/materialized/runs/publish-1783031413168-58469/health.yml
/Users/jamesryancooper/Projects/octon/.octon/generated/cognition/projections/materialized/runs/proposal-packet-terminal-closeout-1781484250284-21530-classify-repo-hygiene/health.yml
/Users/jamesryancooper/Projects/octon/.octon/generated/cognition/projections/materialized/runs/20260629t214000z-run-program-clean-delivery-architecture-terminal-closeout-return-bound-run-attempt-1-workflow-648b347b5e87c807/health.yml
/Users/jamesryancooper/Projects/octon/.octon/generated/cognition/projections/materialized/runs/publish-1780314500051-19049/health.yml
/Users/jamesryancooper/Projects/octon/.octon/generated/cognition/projections/materialized/runs/20260629t224500z-run-program-clean-delivery-runner-routing-terminal-closeout-run-program-cle-attempt-2-workflow-89078b1600b69266-verify-implementation-conformance/health.yml
/Users/jamesryancooper/Projects/octon/.octon/generated/cognition/projections/materialized/runs/uec-safe-stage-approval-exercise-20260402/health.yml
/Users/jamesryancooper/Projects/octon/.octon/generated/cognition/projections/materialized/runs/20260629t234709z-run-program-clean-delivery-validators-terminal-closeout-run-program-clean-d-attempt-2-workflow-1abd4f66358a5ef1-run-evidence-only-reviews/health.yml
/Users/jamesryancooper/Projects/octon/.octon/generated/cognition/projections/materialized/runs/publish-1782763272501-59449/health.yml
/Users/jamesryancooper/Projects/octon/.octon/generated/cognition/projections/materialized/runs/20260630t001705z-run-program-clean-delivery-operator-surface-terminal-closeout-run-program-c-attempt-2-workflow-db19e3693701a62c-emit-terminal-receipt/health.yml
/Users/jamesryancooper/Projects/octon/.octon/generated/cognition/projections/materialized/runs/20260630t001705z-run-program-clean-delivery-operator-surface-terminal-closeout-run-program-c-attempt-1-workflow-9b3bacc5074d538e-verify-implementation-conformance/health.yml
/Users/jamesryancooper/Projects/octon/.octon/generated/cognition/projections/materialized/runs/tool-1783032232938-48374/health.yml
/Users/jamesryancooper/Projects/octon/.octon/generated/cognition/projections/materialized/runs/publish-1781907462657-60906/health.yml
/Users/jamesryancooper/Projects/octon/.octon/generated/cognition/projections/materialized/runs/publish-1779646706520-94989/health.yml
/Users/jamesryancooper/Projects/octon/.octon/generated/cognition/projections/materialized/runs/publish-1779305091843-92167/health.yml
/Users/jamesryancooper/Projects/octon/.octon/generated/cognition/projections/materialized/runs/20260629t211000z-run-program-clean-delivery-architecture-terminal-closeout-run-program-clean-attempt-1-workflow-d96468b559db0691/health.yml
/Users/jamesryancooper/Projects/octon/.octon/generated/cognition/projections/materialized/runs/lifecycle-packet-proposal-program-execution-mode-normalization-archive-20260623t184700z-workflow-validate-proposal/health.yml
/Users/jamesryancooper/Projects/octon/.octon/generated/cognition/projections/materialized/runs/proposal-program-delivery-packet-lifecycle-20260614t060100z-workflow-promote-proposal/health.yml
/Users/jamesryancooper/Projects/octon/.octon/generated/cognition/projections/materialized/runs/proposal-program-delivery-terminal-closeout-20260614t-generic1-bind-profile/health.yml
/Users/jamesryancooper/Projects/octon/.octon/generated/cognition/projections/materialized/runs/20260629t233000z-run-program-clean-delivery-workflow-handoff-terminal-closeout-run-program-c-attempt-1-workflow-663e43f361826aed/health.yml
/Users/jamesryancooper/Projects/octon/.octon/generated/cognition/projections/materialized/runs/publish-1783033321346-49552/health.yml
/Users/jamesryancooper/Projects/octon/.octon/generated/cognition/projections/materialized/runs/child-terminal-branch-no-pr-closeout-state-machine-autonomy-20260620t001000z-workflow-verify-durable-implementation-state/health.yml
/Users/jamesryancooper/Projects/octon/.octon/generated/cognition/projections/materialized/runs/proposal-program-delivery-terminal-closeout-20260614t-generic1-verify-post-implementation-drift/health.yml
/Users/jamesryancooper/Projects/octon/.octon/generated/cognition/projections/materialized/runs/proposal-packet-terminal-closeout-1781654701207-1680-bind-profile/health.yml
/Users/jamesryancooper/Projects/octon/.octon/generated/cognition/projections/materialized/runs/publish-1777472507311-5563/health.yml
/Users/jamesryancooper/Projects/octon/.octon/generated/cognition/projections/materialized/runs/publish-1780175405149-58941/health.yml
/Users/jamesryancooper/Projects/octon/.octon/generated/cognition/projections/materialized/runs/lifecycle-proposal-program-1780340449025-2f63bcfb-proposal-program-runner-promotion-evidence-binding-attempt-1-workflow/health.yml
/Users/jamesryancooper/Projects/octon/.octon/generated/cognition/projections/materialized/runs/uec-validate-proposal-20260331-success-3/health.yml
/Users/jamesryancooper/Projects/octon/.octon/generated/cognition/projections/materialized/runs/20260629t145700z-run-program-clean-delivery-operator-surface-promote-workflow-promote-proposal/health.yml
/Users/jamesryancooper/Projects/octon/.octon/generated/cognition/projections/materialized/runs/proposal-program-delivery-terminal-closeout-20260614t-repair2-bind-profile/health.yml
/Users/jamesryancooper/Projects/octon/.octon/generated/cognition/projections/materialized/runs/child-terminal-branch-no-pr-closeout-state-machine-autonomy-20260620t002000z-workflow-verify-post-implementation-drift/health.yml
/Users/jamesryancooper/Projects/octon/.octon/generated/cognition/projections/materialized/runs/child-terminal-blocked-delivery-receipt-semantics-20260619t215500z-workflow-verify-durable-implementation-state/health.yml
/Users/jamesryancooper/Projects/octon/.octon/generated/cognition/projections/materialized/runs/publish-1782755465524-15813/health.yml
/Users/jamesryancooper/Projects/octon/.octon/generated/cognition/projections/materialized/runs/child-terminal-blocked-delivery-receipt-semantics-20260619t215500z-workflow-verify-post-implementation-drift/health.yml
/Users/jamesryancooper/Projects/octon/.octon/generated/cognition/projections/materialized/runs/20260628t170000z-run-program-clean-delivery-architecture-promote-workflow/health.yml
/Users/jamesryancooper/Projects/octon/.octon/generated/cognition/projections/materialized/runs/20260629t233000z-run-program-clean-delivery-workflow-handoff-terminal-closeout-run-program-c-attempt-2-workflow-a454b4b75825bab4-classify-repo-hygiene/health.yml
/Users/jamesryancooper/Projects/octon/.octon/generated/cognition/projections/materialized/runs/proposal-packet-terminal-closeout-1781532766146-81551-verify-durable-implementation-state/health.yml
/Users/jamesryancooper/Projects/octon/.octon/generated/cognition/projections/materialized/runs/service-build-1783032101197-34544/health.yml
/Users/jamesryancooper/Projects/octon/.octon/generated/cognition/projections/materialized/runs/lifecycle-proposal-program-1780368609961-c8285095-proposal-program-runner-parent-review-churn-attempt-1-workflow-promote-proposal/health.yml
/Users/jamesryancooper/Projects/octon/.octon/generated/cognition/projections/materialized/runs/lifecycle-proposal-packet-1781703585602-43fd2f19-workflow/health.yml
/Users/jamesryancooper/Projects/octon/.octon/generated/cognition/projections/materialized/runs/publish-1782355470883-35690/health.yml
/Users/jamesryancooper/Projects/octon/.octon/generated/cognition/projections/materialized/runs/publish-1781652491631-60797/health.yml
/Users/jamesryancooper/Projects/octon/.octon/generated/cognition/projections/materialized/runs/proposal-packet-terminal-closeout-1781532766146-81551-resolve-git-github-route/health.yml
/Users/jamesryancooper/Projects/octon/.octon/generated/cognition/projections/materialized/runs/20260629t224500z-run-program-clean-delivery-runner-routing-terminal-closeout-run-program-cle-attempt-1-workflow-8c1ae78cb66aa179-validate-publication-freshness/health.yml
/Users/jamesryancooper/Projects/octon/.octon/generated/cognition/projections/materialized/runs/publish-1780175432574-66835/health.yml
/Users/jamesryancooper/Projects/octon/.octon/generated/cognition/projections/materialized/runs/proposal-program-delivery-terminal-closeout-20260614t-generic1-classify-worktree-hygiene/health.yml
/Users/jamesryancooper/Projects/octon/.octon/generated/cognition/projections/materialized/runs/20260629t225800z-run-program-clean-delivery-evidence-metadata-terminal-closeout-run-program-attempt-2-workflow-c882376191f6f1c6/health.yml
/Users/jamesryancooper/Projects/octon/.octon/generated/cognition/projections/materialized/runs/publish-1779297867218-85967/health.yml
/Users/jamesryancooper/Projects/octon/.octon/generated/cognition/projections/materialized/runs/proposal-program-delivery-terminal-closeout-20260614t064600z-workflow/health.yml
/Users/jamesryancooper/Projects/octon/.octon/generated/cognition/projections/materialized/runs/child-terminal-branch-no-pr-closeout-state-machine-autonomy-20260620t001000z-workflow-verify-implementation-conformance/health.yml
/Users/jamesryancooper/Projects/octon/.octon/generated/cognition/projections/materialized/runs/.gitignore
/Users/jamesryancooper/Projects/octon/.octon/generated/cognition/projections/materialized/runs/publish-1779464854030-62893/health.yml
/Users/jamesryancooper/Projects/octon/.octon/generated/cognition/projections/materialized/runs/architecture-10of10-remediation-run.yml
/Users/jamesryancooper/Projects/octon/.octon/generated/cognition/projections/materialized/runs/promote-proposal-1778789393590-98750/health.yml
/Users/jamesryancooper/Projects/octon/.octon/generated/cognition/projections/materialized/runs/child-terminal-blocked-delivery-receipt-semantics-20260619t223500z-workflow-bind-profile/health.yml
/Users/jamesryancooper/Projects/octon/.octon/generated/cognition/projections/materialized/runs/publish-1782668240189-86163/health.yml
/Users/jamesryancooper/Projects/octon/.octon/generated/cognition/projections/materialized/runs/promote-proposal-promote-proposal/health.yml
/Users/jamesryancooper/Projects/octon/.octon/generated/cognition/projections/materialized/runs/publish-1779297200530-91697/health.yml
/Users/jamesryancooper/Projects/octon/.octon/generated/cognition/projections/materialized/runs/publish-1777645737021-7127/health.yml
/Users/jamesryancooper/Projects/octon/.octon/generated/cognition/projections/materialized/runs/20260629t214000z-run-program-clean-delivery-architecture-terminal-closeout-return-bound-run-attempt-1-workflow-648b347b5e87c807-verify-durable-implementation-state/health.yml
/Users/jamesryancooper/Projects/octon/.octon/generated/cognition/projections/materialized/runs/child-terminal-packet-delivery-wrapper-orchestration-autonomy-20260619t233500z-workflow-verify-implementation-conformance/health.yml
/Users/jamesryancooper/Projects/octon/.octon/generated/cognition/projections/materialized/runs/child-terminal-git-mutation-sandbox-preflight-20260620t022500z-workflow-emit-terminal-receipt/health.yml
/Users/jamesryancooper/Projects/octon/.octon/generated/cognition/projections/materialized/runs/publish-1782668108358-3688/health.yml
/Users/jamesryancooper/Projects/octon/.octon/generated/cognition/projections/materialized/runs/child-terminal-packet-delivery-wrapper-orchestration-autonomy-20260619t233500z-workflow-bind-profile/health.yml
/Users/jamesryancooper/Projects/octon/.octon/generated/cognition/projections/materialized/runs/child-terminal-packet-delivery-wrapper-orchestration-autonomy-20260619t233500z-workflow-classify-worktree-hygiene/health.yml
/Users/jamesryancooper/Projects/octon/.octon/generated/cognition/projections/materialized/runs/20260629t233000z-run-program-clean-delivery-workflow-handoff-terminal-closeout-run-program-c-attempt-1-workflow-663e43f361826aed-classify-worktree-hygiene/health.yml
/Users/jamesryancooper/Projects/octon/.octon/generated/cognition/projections/materialized/runs/child-terminal-branch-no-pr-closeout-state-machine-autonomy-20260620t002000z-workflow-emit-terminal-receipt/health.yml
/Users/jamesryancooper/Projects/octon/.octon/generated/cognition/projections/materialized/runs/20260629t212500z-run-program-clean-delivery-architecture-terminal-closeout-run-program-clean-attempt-1-workflow-70d779cb23b237c4-verify-post-implementation-drift/health.yml
/Users/jamesryancooper/Projects/octon/.octon/generated/cognition/projections/materialized/runs/proposal-packet-terminal-closeout-1781484868797-71460-bind-profile/health.yml
/Users/jamesryancooper/Projects/octon/.octon/generated/cognition/projections/materialized/runs/child-terminal-blocked-delivery-receipt-semantics-20260619t224500z-workflow-bind-profile/health.yml
/Users/jamesryancooper/Projects/octon/.octon/generated/cognition/projections/materialized/runs/publish-1779664851880-7905/health.yml
/Users/jamesryancooper/Projects/octon/.octon/generated/cognition/projections/materialized/runs/publish-1781010532447-67388/health.yml
/Users/jamesryancooper/Projects/octon/.octon/generated/cognition/projections/materialized/runs/proposal-packet-terminal-closeout-1781484250284-21530-verify-post-implementation-drift/health.yml
/Users/jamesryancooper/Projects/octon/.octon/generated/cognition/projections/materialized/runs/publish-1778066175529-48085/health.yml
/Users/jamesryancooper/Projects/octon/.octon/generated/cognition/projections/materialized/runs/child-archive-packet-delivery-wrapper-orchestration-autonomy-20260619t234500z-workflow-validate-proposal/health.yml
/Users/jamesryancooper/Projects/octon/.octon/generated/cognition/projections/materialized/runs/child-terminal-blocked-delivery-receipt-semantics-20260619t204500z-workflow/health.yml
/Users/jamesryancooper/Projects/octon/.octon/generated/cognition/projections/materialized/runs/publish-1782660093250-6284/health.yml
/Users/jamesryancooper/Projects/octon/.octon/generated/cognition/projections/materialized/runs/publish-1782668303018-21647/health.yml
/Users/jamesryancooper/Projects/octon/.octon/generated/cognition/projections/materialized/runs/archive-proposal-architectural-review-mechanism-documentation-projection-alignment-20260616-archive-proposal/health.yml
/Users/jamesryancooper/Projects/octon/.octon/generated/cognition/projections/materialized/runs/publish-1781907148988-83566/health.yml
/Users/jamesryancooper/Projects/octon/.octon/generated/cognition/projections/materialized/runs/20260629t215500z-run-program-clean-delivery-architecture-archive-run-program-clean-delivery-architecture-attempt-1-workflow-archive-proposal/health.yml
/Users/jamesryancooper/Projects/octon/.octon/generated/cognition/projections/materialized/runs/child-terminal-packet-worktree-partitioning-automation-20260620t011500z-workflow-emit-terminal-receipt/health.yml
/Users/jamesryancooper/Projects/octon/.octon/generated/cognition/projections/materialized/runs/lifecycle-proposal-program-1780206033776-a4ac0a02-proposal-program-runner-tests-fixtures-workflow/health.yml
/Users/jamesryancooper/Projects/octon/.octon/generated/cognition/projections/materialized/runs/publish-1779297552112-2070/health.yml
/Users/jamesryancooper/Projects/octon/.octon/generated/cognition/projections/materialized/runs/publish-1782239347185-23025/health.yml
/Users/jamesryancooper/Projects/octon/.octon/generated/cognition/projections/materialized/runs/lifecycle-proposal-program-1780373365875-f73af492-proposal-program-runner-terminal-gap-map-attempt-1-workflow/health.yml
/Users/jamesryancooper/Projects/octon/.octon/generated/cognition/projections/materialized/runs/publish-1782664819174-92222/health.yml
/Users/jamesryancooper/Projects/octon/.octon/generated/cognition/projections/materialized/runs/child-terminal-blocked-delivery-receipt-semantics-20260619t224500z-workflow-resolve-git-github-route/health.yml
/Users/jamesryancooper/Projects/octon/.octon/generated/cognition/projections/materialized/runs/20260629t234709z-run-program-clean-delivery-validators-terminal-closeout-run-program-clean-d-attempt-1-workflow-f2fd49af240151e4-verify-durable-implementation-state/health.yml
/Users/jamesryancooper/Projects/octon/.octon/generated/cognition/projections/materialized/runs/publish-1781706285133-52615/health.yml
/Users/jamesryancooper/Projects/octon/.octon/generated/cognition/projections/materialized/runs/archive-proposal-1779561513972-2474-archive-proposal/health.yml
/Users/jamesryancooper/Projects/octon/.octon/generated/cognition/projections/materialized/runs/proposal-packet-terminal-closeout-1781654701207-1680-verify-durable-implementation-state/health.yml
/Users/jamesryancooper/Projects/octon/.octon/generated/cognition/projections/materialized/runs/publish-1783031389327-54753/health.yml
/Users/jamesryancooper/Projects/octon/.octon/generated/cognition/projections/materialized/runs/publish-1779664757231-575/health.yml
/Users/jamesryancooper/Projects/octon/.octon/generated/cognition/projections/materialized/runs/lifecycle-proposal-program-1780356666028-6407d556-proposal-program-runner-aggregate-terminal-blockers-attempt-1-workflow/health.yml
/Users/jamesryancooper/Projects/octon/.octon/generated/cognition/projections/materialized/runs/20260629t233000z-run-program-clean-delivery-workflow-handoff-terminal-closeout-run-program-c-attempt-2-workflow-a454b4b75825bab4-validate-publication-freshness/health.yml
/Users/jamesryancooper/Projects/octon/.octon/generated/cognition/projections/materialized/runs/child-terminal-branch-no-pr-closeout-state-machine-autonomy-20260620t001000z-workflow-run-evidence-only-reviews/health.yml
/Users/jamesryancooper/Projects/octon/.octon/generated/cognition/projections/materialized/runs/child-terminal-blocked-delivery-receipt-semantics-20260619t220500z-workflow-verify-post-implementation-drift/health.yml
/Users/jamesryancooper/Projects/octon/.octon/generated/cognition/projections/materialized/runs/lifecycle-proposal-program-1778904192406-8da93d7a-workflow-history-replay-idempotency-compensation-promote-proposal/health.yml
/Users/jamesryancooper/Projects/octon/.octon/generated/cognition/projections/materialized/runs/child-archive-packet-worktree-partitioning-automation-20260620t012500z-workflow/health.yml
/Users/jamesryancooper/Projects/octon/.octon/generated/cognition/projections/materialized/runs/lifecycle-proposal-program-1778904192406-8da93d7a-workflow-history-replay-idempotency-compensation-validate-proposal/health.yml
/Users/jamesryancooper/Projects/octon/.octon/generated/cognition/projections/materialized/runs/publish-1782763294744-68124/health.yml
/Users/jamesryancooper/Projects/octon/.octon/generated/cognition/projections/materialized/runs/20260629t230000z-run-program-clean-delivery-runner-routing-archive-run-program-clean-delivery-runner-routing-attempt-1-workflow/health.yml
/Users/jamesryancooper/Projects/octon/.octon/generated/cognition/projections/materialized/runs/publish-1782135345761-59409/health.yml
/Users/jamesryancooper/Projects/octon/.octon/generated/cognition/projections/materialized/runs/lifecycle-packet-proposal-program-execution-mode-normalization-terminal-closeout-20260623t180500z-workflow-validate-publication-freshness/health.yml
/Users/jamesryancooper/Projects/octon/.octon/generated/cognition/projections/materialized/runs/proposal-packet-terminal-closeout-1781532766146-81551-bind-profile/health.yml
/Users/jamesryancooper/Projects/octon/.octon/generated/cognition/projections/materialized/runs/publish-1777677603963-89508/health.yml
/Users/jamesryancooper/Projects/octon/.octon/generated/cognition/projections/materialized/runs/child-terminal-terminal-evidence-sink-autonomy-20260620t015000z-workflow-run-evidence-only-reviews/health.yml
/Users/jamesryancooper/Projects/octon/.octon/generated/cognition/projections/materialized/runs/publish-1778877939065-76435/health.yml
/Users/jamesryancooper/Projects/octon/.octon/generated/cognition/projections/materialized/runs/20260629t234709z-run-program-clean-delivery-validators-terminal-closeout-run-program-clean-d-attempt-1-workflow-f2fd49af240151e4-resolve-git-github-route/health.yml
/Users/jamesryancooper/Projects/octon/.octon/generated/cognition/projections/materialized/runs/archive-proposal-1781297724632-84313-validate-proposal/health.yml
/Users/jamesryancooper/Projects/octon/.octon/generated/cognition/projections/materialized/runs/lifecycle-proposal-packet-1781703585602-43fd2f19-workflow-validate-proposal/health.yml
/Users/jamesryancooper/Projects/octon/.octon/generated/cognition/projections/materialized/runs/child-terminal-generated-freshness-scope-detection-20260620t004200z-workflow-validate-publication-freshness/health.yml
/Users/jamesryancooper/Projects/octon/.octon/generated/cognition/projections/materialized/runs/publish-1781011652892-92258/health.yml
/Users/jamesryancooper/Projects/octon/.octon/generated/cognition/projections/materialized/runs/publish-1778066051949-87170/health.yml
/Users/jamesryancooper/Projects/octon/.octon/generated/cognition/projections/materialized/runs/publish-1778805087830-25396/health.yml
/Users/jamesryancooper/Projects/octon/.octon/generated/cognition/projections/materialized/runs/lifecycle-packet-proposal-program-execution-mode-normalization-terminal-closeout-20260623t180500z-workflow-verify-post-implementation-drift/health.yml
/Users/jamesryancooper/Projects/octon/.octon/generated/cognition/projections/materialized/runs/child-terminal-packet-delivery-wrapper-orchestration-autonomy-20260619t233500z-workflow-classify-repo-hygiene/health.yml
/Users/jamesryancooper/Projects/octon/.octon/generated/cognition/projections/materialized/runs/lifecycle-proposal-program-1780265555408-0308c44a-proposal-program-runner-executor-delegation-gates-workflow/health.yml
/Users/jamesryancooper/Projects/octon/.octon/generated/cognition/projections/materialized/runs/20260629t143500z-run-program-clean-delivery-validators-promote-workflow/health.yml
/Users/jamesryancooper/Projects/octon/.octon/generated/cognition/projections/materialized/runs/publish-1781651847609-11727/health.yml
/Users/jamesryancooper/Projects/octon/.octon/generated/cognition/projections/materialized/runs/publish-1777471448764-89339/health.yml
/Users/jamesryancooper/Projects/octon/.octon/generated/cognition/projections/materialized/runs/proposal-packet-terminal-closeout-1781484250284-21530-verify-durable-implementation-state/health.yml
/Users/jamesryancooper/Projects/octon/.octon/generated/cognition/projections/materialized/runs/child-archive-branch-no-pr-closeout-state-machine-autonomy-20260620t003000z-workflow/health.yml
/Users/jamesryancooper/Projects/octon/.octon/generated/cognition/projections/materialized/runs/lifecycle-packet-proposal-program-execution-mode-normalization-terminal-closeout-20260623t184200z-workflow-validate-publication-freshness/health.yml
/Users/jamesryancooper/Projects/octon/.octon/generated/cognition/projections/materialized/runs/proposal-program-delivery-terminal-closeout-20260614t-generic1-validate-publication-freshness/health.yml
/Users/jamesryancooper/Projects/octon/.octon/generated/cognition/projections/materialized/runs/fixture-retention-closeout-1781484204063-17775-emit-retention-receipt/health.yml
/Users/jamesryancooper/Projects/octon/.octon/generated/cognition/projections/materialized/runs/child-terminal-blocked-delivery-receipt-semantics-20260619t220500z-workflow/health.yml
/Users/jamesryancooper/Projects/octon/.octon/generated/cognition/projections/materialized/runs/child-terminal-blocked-delivery-receipt-semantics-20260619t220500z-workflow-verify-implementation-conformance/health.yml
/Users/jamesryancooper/Projects/octon/.octon/generated/cognition/projections/materialized/runs/proposal-packet-terminal-closeout-1781532430156-31491-emit-terminal-receipt/health.yml
/Users/jamesryancooper/Projects/octon/.octon/generated/cognition/projections/materialized/runs/publish-1777778128494-55429/health.yml
/Users/jamesryancooper/Projects/octon/.octon/generated/cognition/projections/materialized/runs/child-terminal-git-mutation-sandbox-preflight-20260620t022500z-workflow-verify-durable-implementation-state/health.yml
/Users/jamesryancooper/Projects/octon/.octon/generated/cognition/projections/materialized/runs/child-terminal-blocked-delivery-receipt-semantics-20260619t220500z-workflow-resolve-git-github-route/health.yml
/Users/jamesryancooper/Projects/octon/.octon/generated/cognition/projections/materialized/runs/proposal-program-delivery-terminal-closeout-20260614t064600z-workflow-stage-bind-profile/health.yml
/Users/jamesryancooper/Projects/octon/.octon/generated/cognition/projections/materialized/runs/governed-lifecycle-terminology-promote-execute-inprocess-workflow-workflow-validate-proposal/health.yml
/Users/jamesryancooper/Projects/octon/.octon/generated/cognition/projections/materialized/runs/proposal-program-delivery-terminal-closeout-20260614t144200z-workflow-stage-verify-durable-implementation-state/health.yml
/Users/jamesryancooper/Projects/octon/.octon/generated/cognition/projections/materialized/runs/proposal-packet-terminal-closeout-1781655242127-92710-resolve-git-github-route/health.yml
/Users/jamesryancooper/Projects/octon/.octon/generated/cognition/projections/materialized/runs/proposal-packet-terminal-closeout-1781484868797-71460-validate-publication-freshness/health.yml
/Users/jamesryancooper/Projects/octon/.octon/generated/cognition/projections/materialized/runs/fixture-retention-closeout-1781484204063-17775-bind-retention-scope/health.yml
/Users/jamesryancooper/Projects/octon/.octon/generated/cognition/projections/materialized/runs/publish-1778066722638-6823/health.yml
/Users/jamesryancooper/Projects/octon/.octon/generated/cognition/projections/materialized/runs/20260629t224500z-run-program-clean-delivery-runner-routing-terminal-closeout-run-program-cle-attempt-2-workflow-89078b1600b69266-run-evidence-only-reviews/health.yml
/Users/jamesryancooper/Projects/octon/.octon/generated/cognition/projections/materialized/runs/20260629t214000z-run-program-clean-delivery-architecture-terminal-closeout-return-bound-run-attempt-1-workflow-648b347b5e87c807-classify-repo-hygiene/health.yml
/Users/jamesryancooper/Projects/octon/.octon/generated/cognition/projections/materialized/runs/child-terminal-branch-no-pr-closeout-state-machine-autonomy-20260620t002000z-workflow-run-evidence-only-reviews/health.yml
/Users/jamesryancooper/Projects/octon/.octon/generated/cognition/projections/materialized/runs/20260629t211000z-run-program-clean-delivery-architecture-terminal-closeout-run-program-clean-attempt-1-workflow-d96468b559db0691-emit-terminal-receipt/health.yml
/Users/jamesryancooper/Projects/octon/.octon/generated/cognition/projections/materialized/runs/publish-1777424916339-5871/health.yml
/Users/jamesryancooper/Projects/octon/.octon/generated/cognition/projections/materialized/runs/publish-1783033182633-34329/health.yml
/Users/jamesryancooper/Projects/octon/.octon/generated/cognition/projections/materialized/runs/20260629t145500z-run-program-clean-delivery-evidence-metadata-promote-workflow/health.yml
/Users/jamesryancooper/Projects/octon/.octon/generated/cognition/projections/materialized/runs/lifecycle-packet-proposal-program-execution-mode-normalization-terminal-closeout-20260623t180500z-workflow-verify-implementation-conformance/health.yml
/Users/jamesryancooper/Projects/octon/.octon/generated/cognition/projections/materialized/runs/proposal-program-delivery-terminal-closeout-20260614t-repair3-emit-terminal-receipt/health.yml
/Users/jamesryancooper/Projects/octon/.octon/generated/cognition/projections/materialized/runs/publish-1781651847668-11726/health.yml
/Users/jamesryancooper/Projects/octon/.octon/generated/cognition/projections/materialized/runs/20260629t212500z-run-program-clean-delivery-architecture-terminal-closeout-run-program-clean-attempt-1-workflow-70d779cb23b237c4-verify-implementation-conformance/health.yml
/Users/jamesryancooper/Projects/octon/.octon/generated/cognition/projections/materialized/runs/20260629t234709z-run-program-clean-delivery-validators-terminal-closeout-run-program-clean-d-attempt-1-workflow-f2fd49af240151e4-verify-post-implementation-drift/health.yml
/Users/jamesryancooper/Projects/octon/.octon/generated/cognition/projections/materialized/runs/20260630t001705z-run-program-clean-delivery-operator-surface-terminal-closeout-run-program-c-attempt-1-workflow-9b3bacc5074d538e-classify-repo-hygiene/health.yml
/Users/jamesryancooper/Projects/octon/.octon/generated/cognition/projections/materialized/runs/terminal-closeout-genericity-policy-fixture-20260614t-litmus1-validate-publication-freshness/health.yml
/Users/jamesryancooper/Projects/octon/.octon/generated/cognition/projections/materialized/runs/publish-1778878128691-27800/health.yml
/Users/jamesryancooper/Projects/octon/.octon/generated/cognition/projections/materialized/runs/proposal-packet-terminal-closeout-1781655098340-60748-classify-worktree-hygiene/health.yml
/Users/jamesryancooper/Projects/octon/.octon/generated/cognition/projections/materialized/runs/20260630t001705z-run-program-clean-delivery-operator-surface-terminal-closeout-run-program-c-attempt-2-workflow-db19e3693701a62c-validate-feature-catalog-drift/health.yml
/Users/jamesryancooper/Projects/octon/.octon/generated/cognition/projections/materialized/runs/lifecycle-proposal-program-1781044709943-8b260950-delegated-governance-inventory-and-vocabulary-attempt-1-workflow/health.yml
/Users/jamesryancooper/Projects/octon/.octon/generated/cognition/projections/materialized/runs/publish-1780349197505-14073/health.yml
/Users/jamesryancooper/Projects/octon/.octon/generated/cognition/projections/materialized/runs/child-terminal-branch-no-pr-closeout-state-machine-autonomy-20260620t001000z-workflow-bind-profile/health.yml
/Users/jamesryancooper/Projects/octon/.octon/generated/cognition/projections/materialized/runs/publish-1779664903716-18370/health.yml
/Users/jamesryancooper/Projects/octon/.octon/generated/cognition/projections/materialized/runs/proposal-packet-terminal-closeout-1781484250284-21530/health.yml
/Users/jamesryancooper/Projects/octon/.octon/generated/cognition/projections/materialized/runs/bootstrap-doctor-workflow-20260413-v4-stage-inline/health.yml
/Users/jamesryancooper/Projects/octon/.octon/generated/cognition/projections/materialized/runs/20260629t061000z-run-program-clean-delivery-runner-routing-promote-workflow-validate-proposal/health.yml
/Users/jamesryancooper/Projects/octon/.octon/generated/cognition/projections/materialized/runs/publish-1782355114112-40360/health.yml
/Users/jamesryancooper/Projects/octon/.octon/generated/cognition/projections/materialized/runs/20260629t224500z-run-program-clean-delivery-runner-routing-terminal-closeout-run-program-cle-attempt-1-workflow-8c1ae78cb66aa179-emit-terminal-receipt/health.yml
/Users/jamesryancooper/Projects/octon/.octon/generated/cognition/projections/materialized/runs/child-terminal-blocked-delivery-receipt-semantics-20260619t215500z-workflow-resolve-git-github-route/health.yml
/Users/jamesryancooper/Projects/octon/.octon/generated/cognition/projections/materialized/runs/proposal-packet-terminal-closeout-1781532430156-31491/health.yml
/Users/jamesryancooper/Projects/octon/.octon/generated/cognition/projections/materialized/runs/proposal-program-delivery-terminal-closeout-20260614t065300z-workflow-stage-bind-profile/health.yml
/Users/jamesryancooper/Projects/octon/.octon/generated/cognition/projections/materialized/runs/publish-1782112031372-52324/health.yml
/Users/jamesryancooper/Projects/octon/.octon/generated/cognition/projections/materialized/runs/child-terminal-packet-delivery-wrapper-orchestration-autonomy-20260619t233500z-workflow-verify-post-implementation-drift/health.yml
/Users/jamesryancooper/Projects/octon/.octon/generated/cognition/projections/materialized/runs/proposal-program-delivery-terminal-closeout-20260614t064000z-workflow-stage-bind-profile/health.yml
/Users/jamesryancooper/Projects/octon/.octon/generated/cognition/projections/materialized/runs/lifecycle-proposal-program-1780235219490-0532e377-proposal-program-runner-cleanup-hygiene-workflow/health.yml
/Users/jamesryancooper/Projects/octon/.octon/generated/cognition/projections/materialized/runs/publish-1778623229627-86379/health.yml
/Users/jamesryancooper/Projects/octon/.octon/generated/cognition/projections/materialized/runs/child-terminal-packet-worktree-partitioning-automation-20260620t011500z-workflow-run-evidence-only-reviews/health.yml
/Users/jamesryancooper/Projects/octon/.octon/generated/cognition/projections/materialized/runs/20260629t212500z-run-program-clean-delivery-architecture-terminal-closeout-run-program-clean-attempt-1-workflow-70d779cb23b237c4-bind-profile/health.yml
/Users/jamesryancooper/Projects/octon/.octon/generated/cognition/projections/materialized/runs/proposal-packet-terminal-closeout-1781377548000-repo-hygiene-stage-bind-profile/health.yml
/Users/jamesryancooper/Projects/octon/.octon/generated/cognition/projections/materialized/runs/proposal-program-delivery-terminal-closeout-20260614t144200z-workflow-stage-bind-profile/health.yml
/Users/jamesryancooper/Projects/octon/.octon/generated/cognition/projections/materialized/runs/lifecycle-packet-proposal-program-execution-mode-normalization-terminal-closeout-20260623t180500z-workflow-bind-profile/health.yml
/Users/jamesryancooper/Projects/octon/.octon/generated/cognition/projections/materialized/runs/lifecycle-proposal-program-1780375451665-3ac47e1e-proposal-program-runner-workflow-retry-ids-attempt-1-workflow-archive-proposal/health.yml
/Users/jamesryancooper/Projects/octon/.octon/generated/cognition/projections/materialized/runs/lifecycle-proposal-program-1780319092074-379a4077-proposal-program-runner-aggregate-terminal-blockers-attempt-1-workflow-validate-proposal/health.yml
/Users/jamesryancooper/Projects/octon/.octon/generated/cognition/projections/materialized/runs/20260629t211000z-run-program-clean-delivery-architecture-terminal-closeout-run-program-clean-attempt-1-workflow-d96468b559db0691-resolve-git-github-route/health.yml
/Users/jamesryancooper/Projects/octon/.octon/generated/cognition/projections/materialized/runs/child-terminal-blocked-delivery-receipt-semantics-20260619t223500z-workflow-validate-publication-freshness/health.yml
/Users/jamesryancooper/Projects/octon/.octon/generated/cognition/projections/materialized/runs/proposal-program-delivery-terminal-closeout-20260614t-repair3-bind-profile/health.yml
/Users/jamesryancooper/Projects/octon/.octon/generated/cognition/projections/materialized/runs/publish-1783033849637-22263/health.yml
/Users/jamesryancooper/Projects/octon/.octon/generated/cognition/projections/materialized/runs/publish-1777778180159-61448/health.yml
/Users/jamesryancooper/Projects/octon/.octon/generated/cognition/projections/materialized/runs/child-terminal-blocked-delivery-receipt-semantics-20260619t223500z-workflow-resolve-git-github-route/health.yml
/Users/jamesryancooper/Projects/octon/.octon/generated/cognition/projections/materialized/runs/proposal-packet-terminal-closeout-1781484250284-21530-verify-implementation-conformance/health.yml
/Users/jamesryancooper/Projects/octon/.octon/generated/cognition/projections/materialized/runs/lifecycle-packet-proposal-program-execution-mode-normalization-terminal-closeout-20260623t184200z-workflow-verify-durable-implementation-state/health.yml
/Users/jamesryancooper/Projects/octon/.octon/generated/cognition/projections/materialized/runs/publish-1777776075480-23816/health.yml
/Users/jamesryancooper/Projects/octon/.octon/generated/cognition/projections/materialized/runs/proposal-packet-terminal-closeout-1781377548000-repo-hygiene/health.yml
/Users/jamesryancooper/Projects/octon/.octon/generated/cognition/projections/materialized/runs/publish-1783034794664-28148/health.yml
/Users/jamesryancooper/Projects/octon/.octon/generated/cognition/projections/materialized/runs/archive-proposal-architectural-review-mechanism-documentation-projection-alignment-20260616/health.yml
/Users/jamesryancooper/Projects/octon/.octon/generated/cognition/projections/materialized/runs/lifecycle-proposal-program-1780367213145-06076fbb-proposal-program-runner-parent-review-churn-attempt-1-workflow/health.yml
/Users/jamesryancooper/Projects/octon/.octon/generated/cognition/projections/materialized/runs/proposal-packet-terminal-closeout-1781654701207-1680-validate-publication-freshness/health.yml
/Users/jamesryancooper/Projects/octon/.octon/generated/cognition/projections/materialized/runs/child-terminal-blocked-delivery-receipt-semantics-20260619t204500z-workflow-classify-repo-hygiene/health.yml
/Users/jamesryancooper/Projects/octon/.octon/generated/cognition/projections/materialized/runs/publish-1777677584427-89158/health.yml
/Users/jamesryancooper/Projects/octon/.octon/generated/cognition/projections/materialized/runs/publish-1782755252022-19209/health.yml
/Users/jamesryancooper/Projects/octon/.octon/generated/cognition/projections/materialized/runs/promote-proposal-1778789393590-98750-promote-proposal/health.yml
/Users/jamesryancooper/Projects/octon/.octon/generated/cognition/projections/materialized/runs/lifecycle-proposal-program-1780359861667-024a957f-proposal-program-runner-aggregate-terminal-blockers-attempt-1-workflow-validate-proposal/health.yml
/Users/jamesryancooper/Projects/octon/.octon/generated/cognition/projections/materialized/runs/publish-1783033186452-34874/health.yml
/Users/jamesryancooper/Projects/octon/.octon/generated/cognition/projections/materialized/runs/20260630t001705z-run-program-clean-delivery-operator-surface-terminal-closeout-run-program-c-attempt-2-workflow-db19e3693701a62c-verify-post-implementation-drift/health.yml
/Users/jamesryancooper/Projects/octon/.octon/generated/cognition/projections/materialized/runs/child-archive-branch-no-pr-closeout-state-machine-autonomy-20260620t003000z-workflow-archive-proposal/health.yml
/Users/jamesryancooper/Projects/octon/.octon/generated/cognition/projections/materialized/runs/proposal-packet-terminal-closeout-1781484868797-71460-verify-implementation-conformance/health.yml
/Users/jamesryancooper/Projects/octon/.octon/generated/cognition/projections/materialized/runs/publish-1782144642038-15531/health.yml
/Users/jamesryancooper/Projects/octon/.octon/generated/cognition/projections/materialized/runs/promote-proposal-1778789393590-98750-validate-proposal/health.yml
/Users/jamesryancooper/Projects/octon/.octon/generated/cognition/projections/materialized/runs/lifecycle-proposal-program-1780287571677-ce65fb7e-proposal-program-runner-workflow-retry-ids-attempt-1-workflow-validate-proposal/health.yml
/Users/jamesryancooper/Projects/octon/.octon/generated/cognition/projections/materialized/runs/proposal-program-delivery-terminal-closeout-20260614t143700z-workflow-stage-bind-profile/health.yml
/Users/jamesryancooper/Projects/octon/.octon/generated/cognition/projections/materialized/runs/publish-1782668265170-2879/health.yml
/Users/jamesryancooper/Projects/octon/.octon/generated/cognition/projections/materialized/runs/proposal-program-delivery-terminal-closeout-20260614t143700z-workflow/health.yml
/Users/jamesryancooper/Projects/octon/.octon/generated/cognition/projections/materialized/runs/lifecycle-packet-proposal-program-execution-mode-normalization-terminal-closeout-20260623t184200z-workflow/health.yml
/Users/jamesryancooper/Projects/octon/.octon/generated/cognition/projections/materialized/runs/proposal-packet-terminal-closeout-1781654701207-1680-verify-implementation-conformance/health.yml
/Users/jamesryancooper/Projects/octon/.octon/generated/cognition/projections/materialized/runs/child-terminal-terminal-evidence-sink-autonomy-20260620t015000z-workflow-emit-terminal-receipt/health.yml
/Users/jamesryancooper/Projects/octon/.octon/generated/cognition/projections/materialized/runs/20260630t001705z-run-program-clean-delivery-operator-surface-terminal-closeout-run-program-c-attempt-2-workflow-db19e3693701a62c-resolve-git-github-route/health.yml
/Users/jamesryancooper/Projects/octon/.octon/generated/cognition/projections/materialized/runs/publish-1781907981756-52591/health.yml
/Users/jamesryancooper/Projects/octon/.octon/generated/cognition/projections/materialized/runs/publish-1780349177293-6178/health.yml
/Users/jamesryancooper/Projects/octon/.octon/generated/cognition/projections/materialized/runs/child-terminal-blocked-delivery-receipt-semantics-20260619t224500z-workflow-run-evidence-only-reviews/health.yml
/Users/jamesryancooper/Projects/octon/.octon/generated/cognition/projections/materialized/runs/child-terminal-blocked-delivery-receipt-semantics-20260619t215500z-workflow-classify-worktree-hygiene/health.yml
/Users/jamesryancooper/Projects/octon/.octon/generated/cognition/projections/materialized/runs/child-terminal-blocked-delivery-receipt-semantics-20260619t223500z-workflow-verify-post-implementation-drift/health.yml
/Users/jamesryancooper/Projects/octon/.octon/generated/cognition/projections/materialized/runs/publish-1777823567650-25980/health.yml
/Users/jamesryancooper/Projects/octon/.octon/generated/cognition/projections/materialized/runs/child-terminal-generated-freshness-scope-detection-20260620t004200z-workflow-classify-worktree-hygiene/health.yml
/Users/jamesryancooper/Projects/octon/.octon/generated/cognition/projections/materialized/runs/proposal-packet-terminal-closeout-1781532766146-81551-validate-publication-freshness/health.yml
/Users/jamesryancooper/Projects/octon/.octon/generated/cognition/projections/materialized/runs/20260629t233000z-run-program-clean-delivery-workflow-handoff-terminal-closeout-run-program-c-attempt-1-workflow-663e43f361826aed-classify-repo-hygiene/health.yml
/Users/jamesryancooper/Projects/octon/.octon/generated/cognition/projections/materialized/runs/lifecycle-proposal-program-1780352350684-e2768cab-proposal-program-runner-archive-observation-recovery-attempt-1-workflow-validate-proposal/health.yml
/Users/jamesryancooper/Projects/octon/.octon/generated/cognition/projections/materialized/runs/publish-1782755734907-7427/health.yml
/Users/jamesryancooper/Projects/octon/.octon/generated/cognition/projections/materialized/runs/lifecycle-proposal-program-1780363770145-019304c9-proposal-program-runner-archive-observation-recovery-attempt-1-workflow/health.yml
/Users/jamesryancooper/Projects/octon/.octon/generated/cognition/projections/materialized/runs/proposal-packet-terminal-closeout-1781655242127-92710-validate-publication-freshness/health.yml
/Users/jamesryancooper/Projects/octon/.octon/generated/cognition/projections/materialized/runs/lifecycle-proposal-program-1780195609892-a506d4ed-proposal-program-runner-planning-replan-loop-workflow/health.yml
/Users/jamesryancooper/Projects/octon/.octon/generated/cognition/projections/materialized/runs/lifecycle-proposal-program-1780345555951-52c388a5-proposal-program-runner-publication-freshness-preflight-attempt-1-workflow-promote-proposal/health.yml
/Users/jamesryancooper/Projects/octon/.octon/generated/cognition/projections/materialized/runs/20260629t225800z-run-program-clean-delivery-evidence-metadata-terminal-closeout-run-program-attempt-2-workflow-c882376191f6f1c6-verify-durable-implementation-state/health.yml
/Users/jamesryancooper/Projects/octon/.octon/generated/cognition/projections/materialized/runs/publish-1783033166908-33386/health.yml
/Users/jamesryancooper/Projects/octon/.octon/generated/cognition/projections/materialized/runs/fixture-retention-closeout-1781484204063-17775/health.yml
/Users/jamesryancooper/Projects/octon/.octon/generated/cognition/projections/materialized/runs/child-archive-packet-worktree-partitioning-automation-20260620t012500z-workflow-archive-proposal/health.yml
/Users/jamesryancooper/Projects/octon/.octon/generated/cognition/projections/materialized/runs/proposal-packet-terminal-closeout-1781532766146-81551/health.yml
/Users/jamesryancooper/Projects/octon/.octon/generated/cognition/projections/materialized/runs/publish-1782665182527-76663/health.yml
/Users/jamesryancooper/Projects/octon/.octon/generated/cognition/projections/materialized/runs/proposal-packet-terminal-closeout-1781484868797-71460-emit-terminal-receipt/health.yml
/Users/jamesryancooper/Projects/octon/.octon/generated/cognition/projections/materialized/runs/child-archive-generated-freshness-scope-detection-20260620t005800z-workflow-archive-proposal/health.yml
/Users/jamesryancooper/Projects/octon/.octon/generated/cognition/projections/materialized/runs/child-terminal-generated-freshness-scope-detection-20260620t004200z-workflow-classify-repo-hygiene/health.yml
/Users/jamesryancooper/Projects/octon/.octon/generated/cognition/projections/materialized/runs/child-terminal-blocked-delivery-receipt-semantics-20260619t220500z-workflow-classify-worktree-hygiene/health.yml
/Users/jamesryancooper/Projects/octon/.octon/generated/cognition/projections/materialized/runs/publish-1779646736042-4042/health.yml
/Users/jamesryancooper/Projects/octon/.octon/generated/cognition/projections/materialized/runs/proposal-packet-terminal-closeout-1781484250284-21530-run-evidence-only-reviews/health.yml
/Users/jamesryancooper/Projects/octon/.octon/generated/cognition/projections/materialized/runs/publish-1781533848616-92992/health.yml
/Users/jamesryancooper/Projects/octon/.octon/generated/cognition/projections/materialized/runs/proposal-packet-terminal-closeout-1781484250284-21530-validate-publication-freshness/health.yml
/Users/jamesryancooper/Projects/octon/.octon/generated/cognition/projections/materialized/runs/lifecycle-proposal-program-1780206033776-a4ac0a02-proposal-program-runner-closeout-archive-policy-workflow-validate-proposal/health.yml
/Users/jamesryancooper/Projects/octon/.octon/generated/cognition/projections/materialized/runs/proposal-packet-terminal-closeout-1781655242127-92710-classify-worktree-hygiene/health.yml
/Users/jamesryancooper/Projects/octon/.octon/generated/cognition/projections/materialized/runs/20260629t225800z-run-program-clean-delivery-evidence-metadata-terminal-closeout-run-program-attempt-2-workflow-c882376191f6f1c6-verify-post-implementation-drift/health.yml
/Users/jamesryancooper/Projects/octon/.octon/generated/cognition/projections/materialized/runs/20260629t235957z-run-program-clean-delivery-validators-archive-run-program-clean-delivery-validators-attempt-1-workflow-archive-proposal/health.yml
/Users/jamesryancooper/Projects/octon/.octon/generated/cognition/projections/materialized/runs/uec-audit-architecture-20260331-2/health.yml
/Users/jamesryancooper/Projects/octon/.octon/generated/cognition/projections/materialized/runs/publish-1779664813672-6618/health.yml
/Users/jamesryancooper/Projects/octon/.octon/generated/cognition/projections/materialized/runs/publish-1777778424256-13836/health.yml
/Users/jamesryancooper/Projects/octon/.octon/generated/cognition/projections/materialized/runs/proposal-packet-terminal-closeout-1781532766146-81551-verify-post-implementation-drift/health.yml
/Users/jamesryancooper/Projects/octon/.octon/generated/cognition/projections/materialized/runs/publish-1783030753178-52086/health.yml
/Users/jamesryancooper/Projects/octon/.octon/generated/cognition/projections/materialized/runs/20260629t224500z-run-program-clean-delivery-runner-routing-terminal-closeout-run-program-cle-attempt-1-workflow-8c1ae78cb66aa179-validate-feature-catalog-drift/health.yml
/Users/jamesryancooper/Projects/octon/.octon/generated/cognition/projections/materialized/runs/promote-proposal-1781320862575-45658-promote-proposal/health.yml
/Users/jamesryancooper/Projects/octon/.octon/generated/cognition/projections/materialized/runs/lifecycle-proposal-program-1780317054510-6a411e7e-proposal-program-runner-change-handoff-checkpoints-attempt-1-workflow/health.yml
/Users/jamesryancooper/Projects/octon/.octon/generated/cognition/projections/materialized/runs/publish-1782131913711-76146/health.yml
/Users/jamesryancooper/Projects/octon/.octon/generated/cognition/projections/materialized/runs/publish-1779653396698-1159/health.yml
/Users/jamesryancooper/Projects/octon/.octon/generated/cognition/projections/materialized/runs/publish-1781484657749-13040/health.yml
/Users/jamesryancooper/Projects/octon/.octon/generated/cognition/projections/materialized/runs/20260629t225800z-run-program-clean-delivery-evidence-metadata-terminal-closeout-run-program-attempt-2-workflow-c882376191f6f1c6-emit-terminal-receipt/health.yml
/Users/jamesryancooper/Projects/octon/.octon/generated/cognition/projections/materialized/runs/archive-proposal-1781655380444-23350-archive-proposal/health.yml
/Users/jamesryancooper/Projects/octon/.octon/generated/cognition/projections/materialized/runs/publish-1777776194375-63235/health.yml
/Users/jamesryancooper/Projects/octon/.octon/generated/cognition/projections/materialized/runs/proposal-packet-terminal-closeout-1781654701207-1680/health.yml
/Users/jamesryancooper/Projects/octon/.octon/generated/cognition/projections/materialized/runs/proposal-packet-terminal-closeout-1781654701207-1680-classify-worktree-hygiene/health.yml
/Users/jamesryancooper/Projects/octon/.octon/generated/cognition/projections/materialized/runs/promote-proposal-1778907502763-54233/health.yml
/Users/jamesryancooper/Projects/octon/.octon/generated/cognition/projections/materialized/runs/20260629t225800z-run-program-clean-delivery-evidence-metadata-terminal-closeout-run-program-attempt-1-workflow-202946b1769b5524-classify-repo-hygiene/health.yml
/Users/jamesryancooper/Projects/octon/.octon/generated/cognition/projections/materialized/runs/proposal-packet-terminal-closeout-1781485109759-19805-classify-repo-hygiene/health.yml
/Users/jamesryancooper/Projects/octon/.octon/generated/cognition/projections/materialized/runs/archive-proposal-1781297724632-84313-archive-proposal/health.yml
/Users/jamesryancooper/Projects/octon/.octon/generated/cognition/projections/materialized/runs/protected-ci-1776956405637-68212/health.yml
/Users/jamesryancooper/Projects/octon/.octon/generated/cognition/projections/materialized/runs/child-terminal-terminal-evidence-sink-autonomy-20260620t015000z-workflow-validate-publication-freshness/health.yml
/Users/jamesryancooper/Projects/octon/.octon/generated/cognition/projections/materialized/runs/publish-1779831976762-80849/health.yml
/Users/jamesryancooper/Projects/octon/.octon/generated/cognition/projections/materialized/runs/child-terminal-packet-worktree-partitioning-automation-20260620t011500z-workflow-verify-post-implementation-drift/health.yml
/Users/jamesryancooper/Projects/octon/.octon/generated/cognition/projections/materialized/runs/publish-1782123981333-5066/health.yml
/Users/jamesryancooper/Projects/octon/.octon/generated/cognition/projections/materialized/runs/child-terminal-blocked-delivery-receipt-semantics-20260619t223500z-workflow-classify-worktree-hygiene/health.yml
/Users/jamesryancooper/Projects/octon/.octon/generated/cognition/projections/materialized/runs/proposal-program-delivery-terminal-closeout-20260614t064000z-workflow/health.yml
/Users/jamesryancooper/Projects/octon/.octon/generated/cognition/projections/materialized/runs/20260630t001705z-run-program-clean-delivery-operator-surface-terminal-closeout-run-program-c-attempt-2-workflow-db19e3693701a62c-verify-durable-implementation-state/health.yml
/Users/jamesryancooper/Projects/octon/.octon/generated/cognition/projections/materialized/runs/20260629t233000z-run-program-clean-delivery-workflow-handoff-terminal-closeout-run-program-c-attempt-2-workflow-a454b4b75825bab4-emit-terminal-receipt/health.yml
/Users/jamesryancooper/Projects/octon/.octon/generated/cognition/projections/materialized/runs/20260629t234709z-run-program-clean-delivery-validators-terminal-closeout-run-program-clean-d-attempt-2-workflow-1abd4f66358a5ef1-validate-publication-freshness/health.yml
/Users/jamesryancooper/Projects/octon/.octon/generated/cognition/projections/materialized/runs/20260629t233000z-run-program-clean-delivery-workflow-handoff-terminal-closeout-run-program-c-attempt-2-workflow-a454b4b75825bab4-verify-durable-implementation-state/health.yml
/Users/jamesryancooper/Projects/octon/.octon/generated/cognition/projections/materialized/runs/20260629t211000z-run-program-clean-delivery-architecture-terminal-closeout-run-program-clean-attempt-1-workflow-d96468b559db0691-validate-publication-freshness/health.yml
/Users/jamesryancooper/Projects/octon/.octon/generated/cognition/projections/materialized/runs/proposal-packet-terminal-closeout-1781655098340-60748-verify-implementation-conformance/health.yml
/Users/jamesryancooper/Projects/octon/.octon/generated/cognition/projections/materialized/runs/20260630t001705z-run-program-clean-delivery-operator-surface-terminal-closeout-run-program-c-attempt-2-workflow-db19e3693701a62c-classify-repo-hygiene/health.yml
/Users/jamesryancooper/Projects/octon/.octon/generated/cognition/projections/materialized/runs/publish-1782114100078-13883/health.yml
/Users/jamesryancooper/Projects/octon/.octon/generated/cognition/projections/materialized/runs/publish-1780175137661-77119/health.yml
/Users/jamesryancooper/Projects/octon/.octon/generated/cognition/projections/materialized/runs/proposal-program-delivery-terminal-closeout-20260614t-repair3-verify-post-implementation-drift/health.yml
/Users/jamesryancooper/Projects/octon/.octon/generated/cognition/projections/materialized/runs/publish-1777778445320-20696/health.yml
/Users/jamesryancooper/Projects/octon/.octon/generated/cognition/projections/materialized/runs/proposal-packet-terminal-closeout-1781484250284-21530-emit-terminal-receipt/health.yml
/Users/jamesryancooper/Projects/octon/.octon/generated/cognition/projections/materialized/runs/20260629t234709z-run-program-clean-delivery-validators-terminal-closeout-run-program-clean-d-attempt-2-workflow-1abd4f66358a5ef1/health.yml
/Users/jamesryancooper/Projects/octon/.octon/generated/cognition/projections/materialized/runs/lifecycle-proposal-program-1780235219490-0532e377-proposal-program-runner-cleanup-hygiene-workflow-validate-proposal/health.yml
/Users/jamesryancooper/Projects/octon/.octon/generated/cognition/projections/materialized/runs/child-terminal-blocked-delivery-receipt-semantics-20260619t220500z-workflow-classify-repo-hygiene/health.yml
/Users/jamesryancooper/Projects/octon/.octon/generated/cognition/projections/materialized/runs/publish-1780370968641-78652/health.yml
/Users/jamesryancooper/Projects/octon/.octon/generated/cognition/projections/materialized/runs/child-terminal-terminal-evidence-sink-autonomy-20260620t015000z-workflow-bind-profile/health.yml
/Users/jamesryancooper/Projects/octon/.octon/generated/cognition/projections/materialized/runs/proposal-program-delivery-terminal-closeout-20260614t-repair2-run-evidence-only-reviews/health.yml
/Users/jamesryancooper/Projects/octon/.octon/generated/cognition/projections/materialized/runs/publish-1779664746748-98407/health.yml
/Users/jamesryancooper/Projects/octon/.octon/generated/cognition/projections/materialized/runs/publish-1782665203326-85479/health.yml
/Users/jamesryancooper/Projects/octon/.octon/generated/cognition/projections/materialized/runs/proposal-program-delivery-terminal-closeout-20260614t-repair-classify-worktree-hygiene/health.yml
/Users/jamesryancooper/Projects/octon/.octon/generated/cognition/projections/materialized/runs/20260629t224500z-run-program-clean-delivery-runner-routing-terminal-closeout-run-program-cle-attempt-2-workflow-89078b1600b69266-validate-publication-freshness/health.yml
/Users/jamesryancooper/Projects/octon/.octon/generated/cognition/projections/materialized/runs/child-terminal-generated-freshness-scope-detection-20260620t004200z-workflow-verify-post-implementation-drift/health.yml
/Users/jamesryancooper/Projects/octon/.octon/generated/cognition/projections/materialized/runs/20260630t001705z-run-program-clean-delivery-operator-surface-terminal-closeout-run-program-c-attempt-2-workflow-db19e3693701a62c-run-evidence-only-reviews/health.yml
/Users/jamesryancooper/Projects/octon/.octon/generated/cognition/projections/materialized/runs/publish-1783034500173-20261/health.yml
/Users/jamesryancooper/Projects/octon/.octon/generated/cognition/projections/materialized/runs/20260629t224500z-run-program-clean-delivery-runner-routing-terminal-closeout-run-program-cle-attempt-1-workflow-8c1ae78cb66aa179-verify-post-implementation-drift/health.yml
/Users/jamesryancooper/Projects/octon/.octon/generated/cognition/projections/materialized/runs/child-terminal-blocked-delivery-receipt-semantics-20260619t220500z-workflow-validate-publication-freshness/health.yml
/Users/jamesryancooper/Projects/octon/.octon/generated/cognition/projections/materialized/runs/20260629t211000z-run-program-clean-delivery-architecture-terminal-closeout-run-program-clean-attempt-1-workflow-d96468b559db0691-verify-implementation-conformance/health.yml
/Users/jamesryancooper/Projects/octon/.octon/generated/cognition/projections/materialized/runs/lifecycle-proposal-program-1780190262756-35ae2026-proposal-program-runner-current-state-gap-map-workflow/health.yml
/Users/jamesryancooper/Projects/octon/.octon/generated/cognition/projections/materialized/runs/proposal-packet-terminal-closeout-1781485109759-19805-classify-worktree-hygiene/health.yml
/Users/jamesryancooper/Projects/octon/.octon/generated/cognition/projections/materialized/runs/publish-1777776174857-56345/health.yml
/Users/jamesryancooper/Projects/octon/.octon/generated/cognition/projections/materialized/runs/lifecycle-proposal-program-1780206033776-a4ac0a02-proposal-program-runner-tests-fixtures-workflow-promote-proposal/health.yml
/Users/jamesryancooper/Projects/octon/.octon/generated/cognition/projections/materialized/runs/lifecycle-proposal-program-1780206033776-a4ac0a02-proposal-program-runner-closeout-archive-policy-workflow/health.yml
/Users/jamesryancooper/Projects/octon/.octon/generated/cognition/projections/materialized/runs/publish-1778066702138-99668/health.yml
/Users/jamesryancooper/Projects/octon/.octon/generated/cognition/projections/materialized/runs/terminal-closeout-genericity-policy-fixture-20260614t-litmus1-verify-durable-implementation-state/health.yml
/Users/jamesryancooper/Projects/octon/.octon/generated/cognition/projections/materialized/runs/publish-1778066220190-72409/health.yml
/Users/jamesryancooper/Projects/octon/.octon/generated/cognition/projections/materialized/runs/child-terminal-generated-freshness-scope-detection-20260620t004200z-workflow-resolve-git-github-route/health.yml
/Users/jamesryancooper/Projects/octon/.octon/generated/cognition/projections/materialized/runs/proposal-packet-terminal-closeout-1781532430156-31491-resolve-git-github-route/health.yml
/Users/jamesryancooper/Projects/octon/.octon/generated/cognition/projections/materialized/runs/20260629t131300z-run-program-clean-delivery-workflow-handoff-promote-bound-workflow/health.yml
/Users/jamesryancooper/Projects/octon/.octon/generated/cognition/projections/materialized/runs/20260630t001705z-run-program-clean-delivery-operator-surface-terminal-closeout-run-program-c-attempt-1-workflow-9b3bacc5074d538e-run-evidence-only-reviews/health.yml
/Users/jamesryancooper/Projects/octon/.octon/generated/cognition/projections/materialized/runs/child-terminal-git-mutation-sandbox-preflight-20260620t022500z-workflow-classify-worktree-hygiene/health.yml
/Users/jamesryancooper/Projects/octon/.octon/generated/cognition/projections/materialized/runs/20260629t212500z-run-program-clean-delivery-architecture-terminal-closeout-run-program-clean-attempt-1-workflow-70d779cb23b237c4-classify-worktree-hygiene/health.yml
/Users/jamesryancooper/Projects/octon/.octon/generated/cognition/projections/materialized/runs/lifecycle-proposal-program-1780340449025-2f63bcfb-proposal-program-runner-promotion-evidence-binding-attempt-1-workflow-archive-proposal/health.yml
/Users/jamesryancooper/Projects/octon/.octon/generated/cognition/projections/materialized/runs/lifecycle-proposal-program-1780202009638-c097cdb1-proposal-program-runner-evidence-run-control-workflow-promote-proposal/health.yml
/Users/jamesryancooper/Projects/octon/.octon/generated/cognition/projections/materialized/runs/publish-1782752207593-77938/health.yml
/Users/jamesryancooper/Projects/octon/.octon/generated/cognition/projections/materialized/runs/20260630t001705z-run-program-clean-delivery-operator-surface-terminal-closeout-run-program-c-attempt-1-workflow-9b3bacc5074d538e-verify-durable-implementation-state/health.yml
/Users/jamesryancooper/Projects/octon/.octon/generated/cognition/projections/materialized/runs/proposal-program-delivery-terminal-closeout-20260614t-generic1-verify-durable-implementation-state/health.yml
/Users/jamesryancooper/Projects/octon/.octon/generated/cognition/projections/materialized/runs/20260629t212500z-run-program-clean-delivery-architecture-terminal-closeout-run-program-clean-attempt-1-workflow-70d779cb23b237c4-validate-publication-freshness/health.yml
/Users/jamesryancooper/Projects/octon/.octon/generated/cognition/projections/materialized/runs/archive-proposal-1781297724632-84313/health.yml
/Users/jamesryancooper/Projects/octon/.octon/generated/cognition/projections/materialized/runs/publish-1777823457586-1227/health.yml
/Users/jamesryancooper/Projects/octon/.octon/generated/cognition/projections/materialized/runs/publish-1778805144635-28111/health.yml
/Users/jamesryancooper/Projects/octon/.octon/generated/cognition/projections/materialized/runs/20260629t145700z-run-program-clean-delivery-operator-surface-promote-workflow-validate-proposal/health.yml
/Users/jamesryancooper/Projects/octon/.octon/generated/cognition/projections/materialized/runs/lifecycle-proposal-program-1780358031674-bffdc1fc-proposal-program-runner-aggregate-terminal-blockers-attempt-1-workflow/health.yml
/Users/jamesryancooper/Projects/octon/.octon/generated/cognition/projections/materialized/runs/publish-1782755210265-6621/health.yml
/Users/jamesryancooper/Projects/octon/.octon/generated/cognition/projections/materialized/runs/child-terminal-packet-delivery-wrapper-orchestration-autonomy-20260619t233500z-workflow/health.yml
/Users/jamesryancooper/Projects/octon/.octon/generated/cognition/projections/materialized/runs/publish-1783033219297-38002/health.yml
/Users/jamesryancooper/Projects/octon/.octon/generated/cognition/projections/materialized/runs/20260629t233000z-run-program-clean-delivery-workflow-handoff-terminal-closeout-run-program-c-attempt-2-workflow-a454b4b75825bab4-classify-worktree-hygiene/health.yml
/Users/jamesryancooper/Projects/octon/.octon/generated/cognition/projections/materialized/runs/lifecycle-packet-proposal-program-execution-mode-normalization-terminal-closeout-20260623t180500z-workflow-classify-worktree-hygiene/health.yml
/Users/jamesryancooper/Projects/octon/.octon/generated/cognition/projections/materialized/runs/20260629t131300z-run-program-clean-delivery-workflow-handoff-promote-bound-workflow-validate-proposal/health.yml
/Users/jamesryancooper/Projects/octon/.octon/generated/cognition/projections/materialized/runs/20260630t001705z-run-program-clean-delivery-operator-surface-terminal-closeout-run-program-c-attempt-2-workflow-db19e3693701a62c-validate-publication-freshness/health.yml
/Users/jamesryancooper/Projects/octon/.octon/generated/cognition/projections/materialized/runs/child-terminal-packet-worktree-partitioning-automation-20260620t011500z-workflow-classify-repo-hygiene/health.yml
/Users/jamesryancooper/Projects/octon/.octon/generated/cognition/projections/materialized/runs/proposal-packet-terminal-closeout-1781484868797-71460/health.yml
/Users/jamesryancooper/Projects/octon/.octon/generated/cognition/projections/materialized/runs/child-archive-terminal-evidence-sink-autonomy-20260620t020500z-workflow-validate-proposal/health.yml
/Users/jamesryancooper/Projects/octon/.octon/generated/cognition/projections/materialized/runs/child-terminal-blocked-delivery-receipt-semantics-20260619t215500z-workflow-verify-implementation-conformance/health.yml
/Users/jamesryancooper/Projects/octon/.octon/generated/cognition/projections/materialized/runs/lifecycle-proposal-program-1780190262756-35ae2026-proposal-program-runner-current-state-gap-map-workflow-promote-proposal/health.yml
/Users/jamesryancooper/Projects/octon/.octon/generated/cognition/projections/materialized/runs/publish-1777424924984-6610/health.yml
/Users/jamesryancooper/Projects/octon/.octon/generated/cognition/projections/materialized/runs/proposal-program-delivery-terminal-closeout-20260614t-repair-bind-profile/health.yml
/Users/jamesryancooper/Projects/octon/.octon/generated/cognition/projections/materialized/runs/lifecycle-proposal-program-1780317174756-c71457b9-proposal-program-runner-change-handoff-checkpoints-attempt-1-workflow/health.yml
/Users/jamesryancooper/Projects/octon/.octon/generated/cognition/projections/materialized/runs/child-terminal-branch-no-pr-closeout-state-machine-autonomy-20260620t002000z-workflow/health.yml
/Users/jamesryancooper/Projects/octon/.octon/generated/cognition/projections/materialized/runs/proposal-packet-terminal-closeout-1781655098340-60748-bind-profile/health.yml
/Users/jamesryancooper/Projects/octon/.octon/generated/cognition/projections/materialized/runs/publish-1777471430431-75071/health.yml
/Users/jamesryancooper/Projects/octon/.octon/generated/cognition/projections/materialized/runs/child-terminal-branch-no-pr-closeout-state-machine-autonomy-20260620t002000z-workflow-classify-repo-hygiene/health.yml
/Users/jamesryancooper/Projects/octon/.octon/generated/cognition/projections/materialized/runs/publish-1779547126748-14340/health.yml
/Users/jamesryancooper/Projects/octon/.octon/generated/cognition/projections/materialized/runs/child-terminal-packet-worktree-partitioning-automation-20260620t011500z-workflow-verify-durable-implementation-state/health.yml
/Users/jamesryancooper/Projects/octon/.octon/generated/cognition/projections/materialized/runs/publish-1779664751658-99264/health.yml
/Users/jamesryancooper/Projects/octon/.octon/generated/cognition/projections/materialized/runs/lifecycle-proposal-program-1781044709943-8b260950-delegated-governance-inventory-and-vocabulary-attempt-1-workflow-archive-proposal/health.yml
/Users/jamesryancooper/Projects/octon/.octon/generated/cognition/projections/materialized/runs/lifecycle-proposal-program-1780375451665-3ac47e1e-proposal-program-runner-workflow-retry-ids-attempt-1-workflow-validate-proposal/health.yml
/Users/jamesryancooper/Projects/octon/.octon/generated/cognition/projections/materialized/runs/publish-1782760366456-65047/health.yml
/Users/jamesryancooper/Projects/octon/.octon/generated/cognition/projections/materialized/runs/publish-1782747967973-82263/health.yml
/Users/jamesryancooper/Projects/octon/.octon/generated/cognition/projections/materialized/runs/governed-lifecycle-terminology-promote-execute-after-registry-refresh-workflow-promote-proposal/health.yml
/Users/jamesryancooper/Projects/octon/.octon/generated/cognition/projections/materialized/runs/publish-1777632076001-91565/health.yml
/Users/jamesryancooper/Projects/octon/.octon/generated/cognition/projections/materialized/runs/child-terminal-git-mutation-sandbox-preflight-20260620t022500z-workflow-classify-repo-hygiene/health.yml
/Users/jamesryancooper/Projects/octon/.octon/generated/cognition/projections/materialized/runs/archive-proposal-1779561513972-2474-validate-proposal/health.yml
/Users/jamesryancooper/Projects/octon/.octon/generated/cognition/projections/materialized/runs/lifecycle-proposal-program-1780206033776-a4ac0a02-proposal-program-runner-closeout-archive-policy-workflow-promote-proposal/health.yml
/Users/jamesryancooper/Projects/octon/.octon/generated/cognition/projections/materialized/runs/lifecycle-proposal-program-1780234304673-15c0d1d9-proposal-program-runner-verification-correction-routing-workflow-promote-proposal/health.yml
/Users/jamesryancooper/Projects/octon/.octon/generated/cognition/projections/materialized/runs/publish-1782748120334-34229/health.yml
/Users/jamesryancooper/Projects/octon/.octon/generated/cognition/projections/materialized/runs/proposal-packet-terminal-closeout-1781655098340-60748/health.yml
/Users/jamesryancooper/Projects/octon/.octon/generated/cognition/projections/materialized/runs/publish-1781129954342-11118/health.yml
/Users/jamesryancooper/Projects/octon/.octon/generated/cognition/projections/materialized/runs/proposal-packet-terminal-closeout-1781484868797-71460-classify-worktree-hygiene/health.yml
/Users/jamesryancooper/Projects/octon/.octon/generated/cognition/projections/materialized/runs/child-terminal-packet-delivery-wrapper-orchestration-autonomy-20260619t233500z-workflow-emit-terminal-receipt/health.yml
/Users/jamesryancooper/Projects/octon/.octon/generated/cognition/projections/materialized/runs/publish-1777632056333-84806/health.yml
/Users/jamesryancooper/Projects/octon/.octon/generated/cognition/projections/materialized/runs/20260629t211000z-run-program-clean-delivery-architecture-terminal-closeout-run-program-clean-attempt-1-workflow-d96468b559db0691-run-evidence-only-reviews/health.yml
/Users/jamesryancooper/Projects/octon/.octon/generated/cognition/projections/materialized/runs/publish-1781012319955-74366/health.yml
/Users/jamesryancooper/Projects/octon/.octon/generated/cognition/projections/materialized/runs/governed-lifecycle-terminology-promote-execute-after-registry-refresh-workflow-validate-proposal/health.yml
/Users/jamesryancooper/Projects/octon/.octon/generated/cognition/projections/materialized/runs/proposal-packet-terminal-closeout-1781484868797-71460-verify-durable-implementation-state/health.yml
/Users/jamesryancooper/Projects/octon/.octon/generated/cognition/projections/materialized/runs/publish-1782755759845-17993/health.yml
/Users/jamesryancooper/Projects/octon/.octon/generated/cognition/projections/materialized/runs/publish-1778066449024-16298/health.yml
/Users/jamesryancooper/Projects/octon/.octon/generated/cognition/projections/materialized/runs/20260629t234709z-run-program-clean-delivery-validators-terminal-closeout-run-program-clean-d-attempt-1-workflow-f2fd49af240151e4-run-evidence-only-reviews/health.yml
/Users/jamesryancooper/Projects/octon/.octon/generated/cognition/projections/materialized/runs/child-terminal-packet-worktree-partitioning-automation-20260620t011500z-workflow-verify-implementation-conformance/health.yml
/Users/jamesryancooper/Projects/octon/.octon/generated/cognition/projections/materialized/runs/proposal-packet-terminal-closeout-1781532430156-31491-validate-publication-freshness/health.yml
/Users/jamesryancooper/Projects/octon/.octon/generated/cognition/projections/materialized/runs/lifecycle-packet-proposal-program-execution-mode-normalization-terminal-closeout-20260623t180500z-workflow-verify-durable-implementation-state/health.yml
/Users/jamesryancooper/Projects/octon/.octon/generated/cognition/projections/materialized/runs/proposal-program-delivery-terminal-closeout-20260614t-repair-verify-durable-implementation-state/health.yml
/Users/jamesryancooper/Projects/octon/.octon/generated/cognition/projections/materialized/runs/lifecycle-proposal-program-1780374272219-818e5cab-proposal-program-runner-terminal-gap-map-attempt-1-workflow/health.yml
/Users/jamesryancooper/Projects/octon/.octon/generated/cognition/projections/materialized/runs/20260629t233000z-run-program-clean-delivery-workflow-handoff-terminal-closeout-run-program-c-attempt-1-workflow-663e43f361826aed-verify-durable-implementation-state/health.yml
/Users/jamesryancooper/Projects/octon/.octon/generated/cognition/projections/materialized/runs/publish-1781416774047-21832/health.yml
/Users/jamesryancooper/Projects/octon/.octon/generated/cognition/projections/materialized/runs/uec-global-github-repo-consequential-20260404/health.yml
/Users/jamesryancooper/Projects/octon/.octon/generated/cognition/projections/materialized/runs/child-terminal-git-mutation-sandbox-preflight-20260620t022500z-workflow/health.yml
/Users/jamesryancooper/Projects/octon/.octon/generated/cognition/projections/materialized/runs/20260629t234500z-run-program-clean-delivery-workflow-handoff-archive-run-program-clean-deliv-attempt-1-workflow-5f807194ee08c9b4-validate-proposal/health.yml
/Users/jamesryancooper/Projects/octon/.octon/generated/cognition/projections/materialized/runs/index.yml
/Users/jamesryancooper/Projects/octon/.octon/generated/cognition/projections/materialized/runs/child-terminal-branch-no-pr-closeout-state-machine-autonomy-20260620t002000z-workflow-validate-publication-freshness/health.yml
/Users/jamesryancooper/Projects/octon/.octon/generated/cognition/projections/materialized/runs/publish-1781533742197-55667/health.yml
/Users/jamesryancooper/Projects/octon/.octon/generated/cognition/projections/materialized/runs/proposal-packet-terminal-closeout-1781655242127-92710-verify-durable-implementation-state/health.yml
/Users/jamesryancooper/Projects/octon/.octon/generated/cognition/projections/materialized/runs/publish-1781653562156-82405/health.yml
/Users/jamesryancooper/Projects/octon/.octon/generated/cognition/projections/materialized/runs/archive-proposal-1778805178254-37205-validate-proposal/health.yml
/Users/jamesryancooper/Projects/octon/.octon/generated/cognition/projections/materialized/runs/publish-1777471367077-57702/health.yml
/Users/jamesryancooper/Projects/octon/.octon/generated/cognition/projections/materialized/runs/20260629t212500z-run-program-clean-delivery-architecture-terminal-closeout-run-program-clean-attempt-1-workflow-70d779cb23b237c4-verify-durable-implementation-state/health.yml
/Users/jamesryancooper/Projects/octon/.octon/generated/cognition/projections/materialized/runs/proposal-program-delivery-terminal-closeout-20260614t-repair3-classify-repo-hygiene/health.yml
/Users/jamesryancooper/Projects/octon/.octon/generated/cognition/projections/materialized/runs/publish-1778066108337-12662/health.yml
/Users/jamesryancooper/Projects/octon/.octon/generated/cognition/projections/materialized/runs/proposal-program-delivery-terminal-closeout-20260614t144200z-workflow/health.yml
/Users/jamesryancooper/Projects/octon/.octon/generated/cognition/projections/materialized/runs/proposal-program-delivery-terminal-closeout-20260614t-generic1-resolve-git-github-route/health.yml
/Users/jamesryancooper/Projects/octon/.octon/generated/cognition/projections/materialized/runs/proposal-program-delivery-terminal-closeout-20260614t064100z-workflow-stage-bind-profile/health.yml
/Users/jamesryancooper/Projects/octon/.octon/generated/cognition/projections/materialized/runs/proposal-program-delivery-packet-lifecycle-20260614t060100z-workflow/health.yml
/Users/jamesryancooper/Projects/octon/.octon/generated/cognition/projections/materialized/runs/publish-1777677458864-64783/health.yml
/Users/jamesryancooper/Projects/octon/.octon/generated/cognition/projections/materialized/runs/20260629t215500z-run-program-clean-delivery-architecture-archive-run-program-clean-delivery-architecture-attempt-1-workflow/health.yml
/Users/jamesryancooper/Projects/octon/.octon/generated/cognition/projections/materialized/runs/publish-1779550291959-90155/health.yml
/Users/jamesryancooper/Projects/octon/.octon/generated/cognition/projections/materialized/runs/publish-1780402287381-38965/health.yml
/Users/jamesryancooper/Projects/octon/.octon/generated/cognition/projections/materialized/runs/archive-proposal-1778805178254-37205-archive-proposal/health.yml
/Users/jamesryancooper/Projects/octon/.octon/generated/cognition/projections/materialized/runs/20260629t233000z-run-program-clean-delivery-workflow-handoff-terminal-closeout-run-program-c-attempt-2-workflow-a454b4b75825bab4/health.yml
/Users/jamesryancooper/Projects/octon/.octon/generated/cognition/projections/materialized/runs/20260630t001705z-run-program-clean-delivery-operator-surface-terminal-closeout-run-program-c-attempt-1-workflow-9b3bacc5074d538e-emit-terminal-receipt/health.yml
/Users/jamesryancooper/Projects/octon/.octon/generated/cognition/projections/materialized/runs/20260629t145500z-run-program-clean-delivery-evidence-metadata-promote-workflow-promote-proposal/health.yml
/Users/jamesryancooper/Projects/octon/.octon/generated/cognition/projections/materialized/runs/proposal-packet-terminal-closeout-1781654701207-1680-verify-post-implementation-drift/health.yml
/Users/jamesryancooper/Projects/octon/.octon/generated/cognition/projections/materialized/runs/20260629t145500z-run-program-clean-delivery-evidence-metadata-promote-workflow-validate-proposal/health.yml
/Users/jamesryancooper/Projects/octon/.octon/generated/cognition/projections/materialized/runs/terminal-closeout-genericity-policy-fixture-20260614t-litmus1-bind-profile/health.yml
/Users/jamesryancooper/Projects/octon/.octon/generated/cognition/projections/materialized/runs/proposal-packet-terminal-closeout-1781532430156-31491-classify-repo-hygiene/health.yml
/Users/jamesryancooper/Projects/octon/.octon/generated/cognition/projections/materialized/runs/proposal-packet-terminal-closeout-1781532430156-31491-run-evidence-only-reviews/health.yml
/Users/jamesryancooper/Projects/octon/.octon/generated/cognition/projections/materialized/runs/20260629t225800z-run-program-clean-delivery-evidence-metadata-terminal-closeout-run-program-attempt-1-workflow-202946b1769b5524-run-evidence-only-reviews/health.yml
/Users/jamesryancooper/Projects/octon/.octon/generated/cognition/projections/materialized/runs/child-archive-generated-freshness-scope-detection-20260620t005800z-workflow-validate-proposal/health.yml
/Users/jamesryancooper/Projects/octon/.octon/generated/cognition/projections/materialized/runs/terminal-closeout-genericity-policy-fixture-20260614t-litmus1-verify-post-implementation-drift/health.yml
/Users/jamesryancooper/Projects/octon/.octon/generated/cognition/projections/materialized/runs/lifecycle-packet-proposal-program-execution-mode-normalization-terminal-closeout-20260623t184200z-workflow-run-evidence-only-reviews/health.yml
/Users/jamesryancooper/Projects/octon/.octon/generated/cognition/projections/materialized/runs/20260629t211000z-run-program-clean-delivery-architecture-terminal-closeout-run-program-clean-attempt-1-workflow-d96468b559db0691-classify-repo-hygiene/health.yml
/Users/jamesryancooper/Projects/octon/.octon/generated/cognition/projections/materialized/runs/20260629t214000z-run-program-clean-delivery-architecture-terminal-closeout-return-bound-run-attempt-1-workflow-648b347b5e87c807-emit-terminal-receipt/health.yml
/Users/jamesryancooper/Projects/octon/.octon/generated/cognition/projections/materialized/runs/publish-1781703168768-84779/health.yml
/Users/jamesryancooper/Projects/octon/.octon/generated/cognition/projections/materialized/runs/lifecycle-proposal-program-1780372599591-8ebc860a-proposal-program-runner-terminal-gap-map-attempt-2-workflow/health.yml
/Users/jamesryancooper/Projects/octon/.octon/generated/cognition/projections/materialized/runs/20260629t225800z-run-program-clean-delivery-evidence-metadata-terminal-closeout-run-program-attempt-1-workflow-202946b1769b5524/health.yml
/Users/jamesryancooper/Projects/octon/.octon/generated/cognition/projections/materialized/runs/child-terminal-blocked-delivery-receipt-semantics-20260619t215500z-workflow-bind-profile/health.yml
/Users/jamesryancooper/Projects/octon/.octon/generated/cognition/projections/materialized/runs/publish-1778616331311-93068/health.yml
/Users/jamesryancooper/Projects/octon/.octon/generated/cognition/projections/materialized/runs/child-terminal-branch-no-pr-closeout-state-machine-autonomy-20260620t001000z-workflow-resolve-git-github-route/health.yml
/Users/jamesryancooper/Projects/octon/.octon/generated/cognition/projections/materialized/runs/proposal-program-delivery-terminal-closeout-20260614t-repair3-classify-worktree-hygiene/health.yml
/Users/jamesryancooper/Projects/octon/.octon/generated/cognition/projections/materialized/runs/child-terminal-blocked-delivery-receipt-semantics-20260619t204500z-workflow-run-evidence-only-reviews/health.yml
/Users/jamesryancooper/Projects/octon/.octon/generated/cognition/projections/materialized/runs/publish-1779547315213-63300/health.yml
/Users/jamesryancooper/Projects/octon/.octon/generated/cognition/projections/materialized/runs/child-terminal-packet-worktree-partitioning-automation-20260620t011500z-workflow-bind-profile/health.yml
/Users/jamesryancooper/Projects/octon/.octon/generated/cognition/projections/materialized/runs/publish-1782757742400-20997/health.yml
/Users/jamesryancooper/Projects/octon/.octon/generated/cognition/projections/materialized/runs/20260629t234709z-run-program-clean-delivery-validators-terminal-closeout-run-program-clean-d-attempt-2-workflow-1abd4f66358a5ef1-verify-implementation-conformance/health.yml
/Users/jamesryancooper/Projects/octon/.octon/generated/cognition/projections/materialized/runs/20260628t170000z-run-program-clean-delivery-architecture-promote-workflow-promote-proposal/health.yml
/Users/jamesryancooper/Projects/octon/.octon/generated/cognition/projections/materialized/runs/lifecycle-proposal-program-1780202009638-c097cdb1-proposal-program-runner-evidence-run-control-workflow/health.yml
/Users/jamesryancooper/Projects/octon/.octon/generated/cognition/projections/materialized/runs/archive-proposal-1781378420000-repo-hygiene-cleanup-authorization-receipts/health.yml
/Users/jamesryancooper/Projects/octon/.octon/generated/cognition/projections/materialized/runs/child-terminal-branch-no-pr-closeout-state-machine-autonomy-20260620t002000z-workflow-resolve-git-github-route/health.yml
/Users/jamesryancooper/Projects/octon/.octon/generated/cognition/projections/materialized/runs/child-terminal-branch-no-pr-closeout-state-machine-autonomy-20260620t001000z-workflow-verify-post-implementation-drift/health.yml
/Users/jamesryancooper/Projects/octon/.octon/generated/cognition/projections/materialized/runs/lifecycle-proposal-program-1780206033776-a4ac0a02-proposal-program-runner-generated-state-publication-workflow/health.yml
/Users/jamesryancooper/Projects/octon/.octon/generated/cognition/projections/materialized/runs/20260630t001705z-run-program-clean-delivery-operator-surface-terminal-closeout-run-program-c-attempt-1-workflow-9b3bacc5074d538e-bind-profile/health.yml
/Users/jamesryancooper/Projects/octon/.octon/generated/cognition/projections/materialized/runs/publish-1779464845331-62516/health.yml
/Users/jamesryancooper/Projects/octon/.octon/generated/cognition/projections/materialized/runs/publish-1783033350687-53116/health.yml
/Users/jamesryancooper/Projects/octon/.octon/generated/cognition/projections/materialized/runs/lifecycle-packet-proposal-program-execution-mode-normalization-terminal-closeout-20260623t180500z-workflow/health.yml
/Users/jamesryancooper/Projects/octon/.octon/generated/cognition/projections/materialized/runs/publish-1779578077426-31785/health.yml
/Users/jamesryancooper/Projects/octon/.octon/generated/cognition/projections/materialized/runs/uec-repo-shell-boundary-sensitive-recertified-20260410/health.yml
/Users/jamesryancooper/Projects/octon/.octon/generated/cognition/projections/materialized/runs/publish-1780175330270-41685/health.yml
/Users/jamesryancooper/Projects/octon/.octon/generated/cognition/projections/materialized/runs/20260629t224500z-run-program-clean-delivery-runner-routing-terminal-closeout-run-program-cle-attempt-1-workflow-8c1ae78cb66aa179-classify-repo-hygiene/health.yml
/Users/jamesryancooper/Projects/octon/.octon/generated/cognition/projections/materialized/runs/publish-1779646728447-3440/health.yml
/Users/jamesryancooper/Projects/octon/.octon/generated/cognition/projections/materialized/runs/lifecycle-proposal-program-1780362312110-f2e4f87c-proposal-program-runner-publication-freshness-preflight-attempt-1-workflow-validate-proposal/health.yml
/Users/jamesryancooper/Projects/octon/.octon/generated/cognition/projections/materialized/runs/promote-proposal-validate-proposal/health.yml
/Users/jamesryancooper/Projects/octon/.octon/generated/cognition/projections/materialized/runs/publish-1782356273489-3993/health.yml
/Users/jamesryancooper/Projects/octon/.octon/generated/cognition/projections/materialized/runs/publish-1779550315321-98066/health.yml
/Users/jamesryancooper/Projects/octon/.octon/generated/cognition/projections/materialized/runs/20260629t144500z-run-program-clean-delivery-evidence-metadata-promote-workflow/health.yml
/Users/jamesryancooper/Projects/octon/.octon/generated/cognition/projections/materialized/runs/publish-1781653539906-77071/health.yml
/Users/jamesryancooper/Projects/octon/.octon/generated/cognition/projections/materialized/runs/20260629t145700z-run-program-clean-delivery-operator-surface-promote-workflow/health.yml
/Users/jamesryancooper/Projects/octon/.octon/generated/cognition/projections/materialized/runs/publish-1782660498770-64761/health.yml
/Users/jamesryancooper/Projects/octon/.octon/generated/cognition/projections/materialized/runs/20260629t225800z-run-program-clean-delivery-evidence-metadata-terminal-closeout-run-program-attempt-2-workflow-c882376191f6f1c6-verify-implementation-conformance/health.yml
/Users/jamesryancooper/Projects/octon/.octon/generated/cognition/projections/materialized/runs/20260630t001705z-run-program-clean-delivery-operator-surface-terminal-closeout-run-program-c-attempt-2-workflow-db19e3693701a62c/health.yml
/Users/jamesryancooper/Projects/octon/.octon/generated/cognition/projections/materialized/runs/20260629t233000z-run-program-clean-delivery-workflow-handoff-terminal-closeout-run-program-c-attempt-2-workflow-a454b4b75825bab4-validate-feature-catalog-drift/health.yml
/Users/jamesryancooper/Projects/octon/.octon/generated/cognition/projections/materialized/runs/20260629t224500z-run-program-clean-delivery-runner-routing-terminal-closeout-run-program-cle-attempt-1-workflow-8c1ae78cb66aa179-run-evidence-only-reviews/health.yml
/Users/jamesryancooper/Projects/octon/.octon/generated/cognition/projections/materialized/runs/tool-1783032250253-50012/health.yml
/Users/jamesryancooper/Projects/octon/.octon/generated/cognition/projections/materialized/runs/proposal-program-delivery-terminal-closeout-20260614t-generic1/health.yml
/Users/jamesryancooper/Projects/octon/.octon/generated/cognition/projections/materialized/index.yml
/Users/jamesryancooper/Projects/octon/.octon/generated/cognition/projections/materialized/support-pack-route-map.md
