protected	referenced_untracked	.DS_Store	referenced by a tracked or retained control, evidence, generated, or governance file
protected	generated_run_health_projection	.octon/generated/cognition/projections/materialized/runs/child-archive-blocked-delivery-receipt-semantics-20260619t230000z-workflow-archive-proposal/health.yml	referenced by a tracked or retained control, evidence, generated, or governance file
protected	generated_run_health_projection	.octon/generated/cognition/projections/materialized/runs/child-archive-blocked-delivery-receipt-semantics-20260619t230000z-workflow-validate-proposal/health.yml	referenced by a tracked or retained control, evidence, generated, or governance file
protected	generated_run_health_projection	.octon/generated/cognition/projections/materialized/runs/child-archive-blocked-delivery-receipt-semantics-20260619t230000z-workflow/health.yml	referenced by a tracked or retained control, evidence, generated, or governance file
protected	generated_run_health_projection	.octon/generated/cognition/projections/materialized/runs/child-archive-branch-no-pr-closeout-state-machine-autonomy-20260620t003000z-workflow-archive-proposal/health.yml	referenced by a tracked or retained control, evidence, generated, or governance file
protected	generated_run_health_projection	.octon/generated/cognition/projections/materialized/runs/child-archive-branch-no-pr-closeout-state-machine-autonomy-20260620t003000z-workflow-validate-proposal/health.yml	referenced by a tracked or retained control, evidence, generated, or governance file
protected	generated_run_health_projection	.octon/generated/cognition/projections/materialized/runs/child-archive-branch-no-pr-closeout-state-machine-autonomy-20260620t003000z-workflow/health.yml	referenced by a tracked or retained control, evidence, generated, or governance file
protected	generated_run_health_projection	.octon/generated/cognition/projections/materialized/runs/child-archive-generated-freshness-scope-detection-20260620t005800z-workflow-archive-proposal/health.yml	referenced by a tracked or retained control, evidence, generated, or governance file
protected	generated_run_health_projection	.octon/generated/cognition/projections/materialized/runs/child-archive-generated-freshness-scope-detection-20260620t005800z-workflow-validate-proposal/health.yml	referenced by a tracked or retained control, evidence, generated, or governance file
protected	generated_run_health_projection	.octon/generated/cognition/projections/materialized/runs/child-archive-generated-freshness-scope-detection-20260620t005800z-workflow/health.yml	referenced by a tracked or retained control, evidence, generated, or governance file
protected	generated_run_health_projection	.octon/generated/cognition/projections/materialized/runs/child-archive-git-mutation-sandbox-preflight-20260620t024000z-workflow-archive-proposal/health.yml	referenced by a tracked or retained control, evidence, generated, or governance file
protected	generated_run_health_projection	.octon/generated/cognition/projections/materialized/runs/child-archive-git-mutation-sandbox-preflight-20260620t024000z-workflow-validate-proposal/health.yml	referenced by a tracked or retained control, evidence, generated, or governance file
protected	generated_run_health_projection	.octon/generated/cognition/projections/materialized/runs/child-archive-git-mutation-sandbox-preflight-20260620t024000z-workflow/health.yml	referenced by a tracked or retained control, evidence, generated, or governance file
protected	generated_run_health_projection	.octon/generated/cognition/projections/materialized/runs/child-archive-packet-delivery-wrapper-orchestration-autonomy-20260619t234500z-workflow-archive-proposal/health.yml	referenced by a tracked or retained control, evidence, generated, or governance file
protected	generated_run_health_projection	.octon/generated/cognition/projections/materialized/runs/child-archive-packet-delivery-wrapper-orchestration-autonomy-20260619t234500z-workflow-validate-proposal/health.yml	referenced by a tracked or retained control, evidence, generated, or governance file
protected	generated_run_health_projection	.octon/generated/cognition/projections/materialized/runs/child-archive-packet-delivery-wrapper-orchestration-autonomy-20260619t234500z-workflow/health.yml	referenced by a tracked or retained control, evidence, generated, or governance file
protected	generated_run_health_projection	.octon/generated/cognition/projections/materialized/runs/child-archive-packet-worktree-partitioning-automation-20260620t012500z-workflow-archive-proposal/health.yml	referenced by a tracked or retained control, evidence, generated, or governance file
protected	generated_run_health_projection	.octon/generated/cognition/projections/materialized/runs/child-archive-packet-worktree-partitioning-automation-20260620t012500z-workflow-validate-proposal/health.yml	referenced by a tracked or retained control, evidence, generated, or governance file
protected	generated_run_health_projection	.octon/generated/cognition/projections/materialized/runs/child-archive-packet-worktree-partitioning-automation-20260620t012500z-workflow/health.yml	referenced by a tracked or retained control, evidence, generated, or governance file
protected	generated_run_health_projection	.octon/generated/cognition/projections/materialized/runs/child-archive-terminal-evidence-sink-autonomy-20260620t020500z-workflow-archive-proposal/health.yml	referenced by a tracked or retained control, evidence, generated, or governance file
protected	generated_run_health_projection	.octon/generated/cognition/projections/materialized/runs/child-archive-terminal-evidence-sink-autonomy-20260620t020500z-workflow-validate-proposal/health.yml	referenced by a tracked or retained control, evidence, generated, or governance file
protected	generated_run_health_projection	.octon/generated/cognition/projections/materialized/runs/child-archive-terminal-evidence-sink-autonomy-20260620t020500z-workflow/health.yml	referenced by a tracked or retained control, evidence, generated, or governance file
protected	generated_run_health_projection	.octon/generated/cognition/projections/materialized/runs/child-terminal-blocked-delivery-receipt-semantics-20260619t224500z-workflow-bind-profile/health.yml	referenced by a tracked or retained control, evidence, generated, or governance file
protected	generated_run_health_projection	.octon/generated/cognition/projections/materialized/runs/child-terminal-blocked-delivery-receipt-semantics-20260619t224500z-workflow-classify-repo-hygiene/health.yml	referenced by a tracked or retained control, evidence, generated, or governance file
protected	generated_run_health_projection	.octon/generated/cognition/projections/materialized/runs/child-terminal-blocked-delivery-receipt-semantics-20260619t224500z-workflow-classify-worktree-hygiene/health.yml	referenced by a tracked or retained control, evidence, generated, or governance file
protected	generated_run_health_projection	.octon/generated/cognition/projections/materialized/runs/child-terminal-blocked-delivery-receipt-semantics-20260619t224500z-workflow-emit-terminal-receipt/health.yml	referenced by a tracked or retained control, evidence, generated, or governance file
protected	generated_run_health_projection	.octon/generated/cognition/projections/materialized/runs/child-terminal-blocked-delivery-receipt-semantics-20260619t224500z-workflow-resolve-git-github-route/health.yml	referenced by a tracked or retained control, evidence, generated, or governance file
protected	generated_run_health_projection	.octon/generated/cognition/projections/materialized/runs/child-terminal-blocked-delivery-receipt-semantics-20260619t224500z-workflow-run-evidence-only-reviews/health.yml	referenced by a tracked or retained control, evidence, generated, or governance file
protected	generated_run_health_projection	.octon/generated/cognition/projections/materialized/runs/child-terminal-blocked-delivery-receipt-semantics-20260619t224500z-workflow-validate-publication-freshness/health.yml	referenced by a tracked or retained control, evidence, generated, or governance file
protected	generated_run_health_projection	.octon/generated/cognition/projections/materialized/runs/child-terminal-blocked-delivery-receipt-semantics-20260619t224500z-workflow-verify-durable-implementation-state/health.yml	referenced by a tracked or retained control, evidence, generated, or governance file
protected	generated_run_health_projection	.octon/generated/cognition/projections/materialized/runs/child-terminal-blocked-delivery-receipt-semantics-20260619t224500z-workflow-verify-implementation-conformance/health.yml	referenced by a tracked or retained control, evidence, generated, or governance file
protected	generated_run_health_projection	.octon/generated/cognition/projections/materialized/runs/child-terminal-blocked-delivery-receipt-semantics-20260619t224500z-workflow-verify-post-implementation-drift/health.yml	referenced by a tracked or retained control, evidence, generated, or governance file
protected	generated_run_health_projection	.octon/generated/cognition/projections/materialized/runs/child-terminal-blocked-delivery-receipt-semantics-20260619t224500z-workflow/health.yml	referenced by a tracked or retained control, evidence, generated, or governance file
protected	generated_run_health_projection	.octon/generated/cognition/projections/materialized/runs/child-terminal-branch-no-pr-closeout-state-machine-autonomy-20260620t001000z-workflow-bind-profile/health.yml	referenced by a tracked or retained control, evidence, generated, or governance file
protected	generated_run_health_projection	.octon/generated/cognition/projections/materialized/runs/child-terminal-branch-no-pr-closeout-state-machine-autonomy-20260620t001000z-workflow-classify-repo-hygiene/health.yml	referenced by a tracked or retained control, evidence, generated, or governance file
protected	generated_run_health_projection	.octon/generated/cognition/projections/materialized/runs/child-terminal-branch-no-pr-closeout-state-machine-autonomy-20260620t001000z-workflow-classify-worktree-hygiene/health.yml	referenced by a tracked or retained control, evidence, generated, or governance file
protected	generated_run_health_projection	.octon/generated/cognition/projections/materialized/runs/child-terminal-branch-no-pr-closeout-state-machine-autonomy-20260620t001000z-workflow-emit-terminal-receipt/health.yml	referenced by a tracked or retained control, evidence, generated, or governance file
protected	generated_run_health_projection	.octon/generated/cognition/projections/materialized/runs/child-terminal-branch-no-pr-closeout-state-machine-autonomy-20260620t001000z-workflow-resolve-git-github-route/health.yml	referenced by a tracked or retained control, evidence, generated, or governance file
protected	generated_run_health_projection	.octon/generated/cognition/projections/materialized/runs/child-terminal-branch-no-pr-closeout-state-machine-autonomy-20260620t001000z-workflow-run-evidence-only-reviews/health.yml	referenced by a tracked or retained control, evidence, generated, or governance file
protected	generated_run_health_projection	.octon/generated/cognition/projections/materialized/runs/child-terminal-branch-no-pr-closeout-state-machine-autonomy-20260620t001000z-workflow-validate-publication-freshness/health.yml	referenced by a tracked or retained control, evidence, generated, or governance file
protected	generated_run_health_projection	.octon/generated/cognition/projections/materialized/runs/child-terminal-branch-no-pr-closeout-state-machine-autonomy-20260620t001000z-workflow-verify-durable-implementation-state/health.yml	referenced by a tracked or retained control, evidence, generated, or governance file
protected	generated_run_health_projection	.octon/generated/cognition/projections/materialized/runs/child-terminal-branch-no-pr-closeout-state-machine-autonomy-20260620t001000z-workflow-verify-implementation-conformance/health.yml	referenced by a tracked or retained control, evidence, generated, or governance file
protected	generated_run_health_projection	.octon/generated/cognition/projections/materialized/runs/child-terminal-branch-no-pr-closeout-state-machine-autonomy-20260620t001000z-workflow-verify-post-implementation-drift/health.yml	referenced by a tracked or retained control, evidence, generated, or governance file
protected	generated_run_health_projection	.octon/generated/cognition/projections/materialized/runs/child-terminal-branch-no-pr-closeout-state-machine-autonomy-20260620t001000z-workflow/health.yml	referenced by a tracked or retained control, evidence, generated, or governance file
protected	generated_run_health_projection	.octon/generated/cognition/projections/materialized/runs/child-terminal-branch-no-pr-closeout-state-machine-autonomy-20260620t002000z-workflow-bind-profile/health.yml	referenced by a tracked or retained control, evidence, generated, or governance file
protected	generated_run_health_projection	.octon/generated/cognition/projections/materialized/runs/child-terminal-branch-no-pr-closeout-state-machine-autonomy-20260620t002000z-workflow-classify-repo-hygiene/health.yml	referenced by a tracked or retained control, evidence, generated, or governance file
protected	generated_run_health_projection	.octon/generated/cognition/projections/materialized/runs/child-terminal-branch-no-pr-closeout-state-machine-autonomy-20260620t002000z-workflow-classify-worktree-hygiene/health.yml	referenced by a tracked or retained control, evidence, generated, or governance file
protected	generated_run_health_projection	.octon/generated/cognition/projections/materialized/runs/child-terminal-branch-no-pr-closeout-state-machine-autonomy-20260620t002000z-workflow-emit-terminal-receipt/health.yml	referenced by a tracked or retained control, evidence, generated, or governance file
protected	generated_run_health_projection	.octon/generated/cognition/projections/materialized/runs/child-terminal-branch-no-pr-closeout-state-machine-autonomy-20260620t002000z-workflow-resolve-git-github-route/health.yml	referenced by a tracked or retained control, evidence, generated, or governance file
protected	generated_run_health_projection	.octon/generated/cognition/projections/materialized/runs/child-terminal-branch-no-pr-closeout-state-machine-autonomy-20260620t002000z-workflow-run-evidence-only-reviews/health.yml	referenced by a tracked or retained control, evidence, generated, or governance file
protected	generated_run_health_projection	.octon/generated/cognition/projections/materialized/runs/child-terminal-branch-no-pr-closeout-state-machine-autonomy-20260620t002000z-workflow-validate-publication-freshness/health.yml	referenced by a tracked or retained control, evidence, generated, or governance file
protected	generated_run_health_projection	.octon/generated/cognition/projections/materialized/runs/child-terminal-branch-no-pr-closeout-state-machine-autonomy-20260620t002000z-workflow-verify-durable-implementation-state/health.yml	referenced by a tracked or retained control, evidence, generated, or governance file
protected	generated_run_health_projection	.octon/generated/cognition/projections/materialized/runs/child-terminal-branch-no-pr-closeout-state-machine-autonomy-20260620t002000z-workflow-verify-implementation-conformance/health.yml	referenced by a tracked or retained control, evidence, generated, or governance file
protected	generated_run_health_projection	.octon/generated/cognition/projections/materialized/runs/child-terminal-branch-no-pr-closeout-state-machine-autonomy-20260620t002000z-workflow-verify-post-implementation-drift/health.yml	referenced by a tracked or retained control, evidence, generated, or governance file
protected	generated_run_health_projection	.octon/generated/cognition/projections/materialized/runs/child-terminal-branch-no-pr-closeout-state-machine-autonomy-20260620t002000z-workflow/health.yml	referenced by a tracked or retained control, evidence, generated, or governance file
protected	generated_run_health_projection	.octon/generated/cognition/projections/materialized/runs/child-terminal-generated-freshness-scope-detection-20260620t004200z-workflow-bind-profile/health.yml	referenced by a tracked or retained control, evidence, generated, or governance file
protected	generated_run_health_projection	.octon/generated/cognition/projections/materialized/runs/child-terminal-generated-freshness-scope-detection-20260620t004200z-workflow-classify-repo-hygiene/health.yml	referenced by a tracked or retained control, evidence, generated, or governance file
protected	generated_run_health_projection	.octon/generated/cognition/projections/materialized/runs/child-terminal-generated-freshness-scope-detection-20260620t004200z-workflow-classify-worktree-hygiene/health.yml	referenced by a tracked or retained control, evidence, generated, or governance file
protected	generated_run_health_projection	.octon/generated/cognition/projections/materialized/runs/child-terminal-generated-freshness-scope-detection-20260620t004200z-workflow-emit-terminal-receipt/health.yml	referenced by a tracked or retained control, evidence, generated, or governance file
protected	generated_run_health_projection	.octon/generated/cognition/projections/materialized/runs/child-terminal-generated-freshness-scope-detection-20260620t004200z-workflow-resolve-git-github-route/health.yml	referenced by a tracked or retained control, evidence, generated, or governance file
protected	generated_run_health_projection	.octon/generated/cognition/projections/materialized/runs/child-terminal-generated-freshness-scope-detection-20260620t004200z-workflow-run-evidence-only-reviews/health.yml	referenced by a tracked or retained control, evidence, generated, or governance file
protected	generated_run_health_projection	.octon/generated/cognition/projections/materialized/runs/child-terminal-generated-freshness-scope-detection-20260620t004200z-workflow-validate-publication-freshness/health.yml	referenced by a tracked or retained control, evidence, generated, or governance file
protected	generated_run_health_projection	.octon/generated/cognition/projections/materialized/runs/child-terminal-generated-freshness-scope-detection-20260620t004200z-workflow-verify-durable-implementation-state/health.yml	referenced by a tracked or retained control, evidence, generated, or governance file
protected	generated_run_health_projection	.octon/generated/cognition/projections/materialized/runs/child-terminal-generated-freshness-scope-detection-20260620t004200z-workflow-verify-implementation-conformance/health.yml	referenced by a tracked or retained control, evidence, generated, or governance file
protected	generated_run_health_projection	.octon/generated/cognition/projections/materialized/runs/child-terminal-generated-freshness-scope-detection-20260620t004200z-workflow-verify-post-implementation-drift/health.yml	referenced by a tracked or retained control, evidence, generated, or governance file
protected	generated_run_health_projection	.octon/generated/cognition/projections/materialized/runs/child-terminal-generated-freshness-scope-detection-20260620t004200z-workflow/health.yml	referenced by a tracked or retained control, evidence, generated, or governance file
protected	generated_run_health_projection	.octon/generated/cognition/projections/materialized/runs/child-terminal-git-mutation-sandbox-preflight-20260620t022500z-workflow-bind-profile/health.yml	referenced by a tracked or retained control, evidence, generated, or governance file
protected	generated_run_health_projection	.octon/generated/cognition/projections/materialized/runs/child-terminal-git-mutation-sandbox-preflight-20260620t022500z-workflow-classify-repo-hygiene/health.yml	referenced by a tracked or retained control, evidence, generated, or governance file
protected	generated_run_health_projection	.octon/generated/cognition/projections/materialized/runs/child-terminal-git-mutation-sandbox-preflight-20260620t022500z-workflow-classify-worktree-hygiene/health.yml	referenced by a tracked or retained control, evidence, generated, or governance file
protected	generated_run_health_projection	.octon/generated/cognition/projections/materialized/runs/child-terminal-git-mutation-sandbox-preflight-20260620t022500z-workflow-emit-terminal-receipt/health.yml	referenced by a tracked or retained control, evidence, generated, or governance file
protected	generated_run_health_projection	.octon/generated/cognition/projections/materialized/runs/child-terminal-git-mutation-sandbox-preflight-20260620t022500z-workflow-resolve-git-github-route/health.yml	referenced by a tracked or retained control, evidence, generated, or governance file
protected	generated_run_health_projection	.octon/generated/cognition/projections/materialized/runs/child-terminal-git-mutation-sandbox-preflight-20260620t022500z-workflow-run-evidence-only-reviews/health.yml	referenced by a tracked or retained control, evidence, generated, or governance file
protected	generated_run_health_projection	.octon/generated/cognition/projections/materialized/runs/child-terminal-git-mutation-sandbox-preflight-20260620t022500z-workflow-validate-publication-freshness/health.yml	referenced by a tracked or retained control, evidence, generated, or governance file
protected	generated_run_health_projection	.octon/generated/cognition/projections/materialized/runs/child-terminal-git-mutation-sandbox-preflight-20260620t022500z-workflow-verify-durable-implementation-state/health.yml	referenced by a tracked or retained control, evidence, generated, or governance file
protected	generated_run_health_projection	.octon/generated/cognition/projections/materialized/runs/child-terminal-git-mutation-sandbox-preflight-20260620t022500z-workflow-verify-implementation-conformance/health.yml	referenced by a tracked or retained control, evidence, generated, or governance file
protected	generated_run_health_projection	.octon/generated/cognition/projections/materialized/runs/child-terminal-git-mutation-sandbox-preflight-20260620t022500z-workflow-verify-post-implementation-drift/health.yml	referenced by a tracked or retained control, evidence, generated, or governance file
protected	generated_run_health_projection	.octon/generated/cognition/projections/materialized/runs/child-terminal-git-mutation-sandbox-preflight-20260620t022500z-workflow/health.yml	referenced by a tracked or retained control, evidence, generated, or governance file
protected	generated_run_health_projection	.octon/generated/cognition/projections/materialized/runs/child-terminal-packet-delivery-wrapper-orchestration-autonomy-20260619t233500z-workflow-bind-profile/health.yml	referenced by a tracked or retained control, evidence, generated, or governance file
protected	generated_run_health_projection	.octon/generated/cognition/projections/materialized/runs/child-terminal-packet-delivery-wrapper-orchestration-autonomy-20260619t233500z-workflow-classify-repo-hygiene/health.yml	referenced by a tracked or retained control, evidence, generated, or governance file
protected	generated_run_health_projection	.octon/generated/cognition/projections/materialized/runs/child-terminal-packet-delivery-wrapper-orchestration-autonomy-20260619t233500z-workflow-classify-worktree-hygiene/health.yml	referenced by a tracked or retained control, evidence, generated, or governance file
protected	generated_run_health_projection	.octon/generated/cognition/projections/materialized/runs/child-terminal-packet-delivery-wrapper-orchestration-autonomy-20260619t233500z-workflow-emit-terminal-receipt/health.yml	referenced by a tracked or retained control, evidence, generated, or governance file
protected	generated_run_health_projection	.octon/generated/cognition/projections/materialized/runs/child-terminal-packet-delivery-wrapper-orchestration-autonomy-20260619t233500z-workflow-resolve-git-github-route/health.yml	referenced by a tracked or retained control, evidence, generated, or governance file
protected	generated_run_health_projection	.octon/generated/cognition/projections/materialized/runs/child-terminal-packet-delivery-wrapper-orchestration-autonomy-20260619t233500z-workflow-run-evidence-only-reviews/health.yml	referenced by a tracked or retained control, evidence, generated, or governance file
protected	generated_run_health_projection	.octon/generated/cognition/projections/materialized/runs/child-terminal-packet-delivery-wrapper-orchestration-autonomy-20260619t233500z-workflow-validate-publication-freshness/health.yml	referenced by a tracked or retained control, evidence, generated, or governance file
protected	generated_run_health_projection	.octon/generated/cognition/projections/materialized/runs/child-terminal-packet-delivery-wrapper-orchestration-autonomy-20260619t233500z-workflow-verify-durable-implementation-state/health.yml	referenced by a tracked or retained control, evidence, generated, or governance file
protected	generated_run_health_projection	.octon/generated/cognition/projections/materialized/runs/child-terminal-packet-delivery-wrapper-orchestration-autonomy-20260619t233500z-workflow-verify-implementation-conformance/health.yml	referenced by a tracked or retained control, evidence, generated, or governance file
protected	generated_run_health_projection	.octon/generated/cognition/projections/materialized/runs/child-terminal-packet-delivery-wrapper-orchestration-autonomy-20260619t233500z-workflow-verify-post-implementation-drift/health.yml	referenced by a tracked or retained control, evidence, generated, or governance file
protected	generated_run_health_projection	.octon/generated/cognition/projections/materialized/runs/child-terminal-packet-delivery-wrapper-orchestration-autonomy-20260619t233500z-workflow/health.yml	referenced by a tracked or retained control, evidence, generated, or governance file
protected	generated_run_health_projection	.octon/generated/cognition/projections/materialized/runs/child-terminal-packet-worktree-partitioning-automation-20260620t011500z-workflow-bind-profile/health.yml	referenced by a tracked or retained control, evidence, generated, or governance file
protected	generated_run_health_projection	.octon/generated/cognition/projections/materialized/runs/child-terminal-packet-worktree-partitioning-automation-20260620t011500z-workflow-classify-repo-hygiene/health.yml	referenced by a tracked or retained control, evidence, generated, or governance file
protected	generated_run_health_projection	.octon/generated/cognition/projections/materialized/runs/child-terminal-packet-worktree-partitioning-automation-20260620t011500z-workflow-classify-worktree-hygiene/health.yml	referenced by a tracked or retained control, evidence, generated, or governance file
protected	generated_run_health_projection	.octon/generated/cognition/projections/materialized/runs/child-terminal-packet-worktree-partitioning-automation-20260620t011500z-workflow-emit-terminal-receipt/health.yml	referenced by a tracked or retained control, evidence, generated, or governance file
protected	generated_run_health_projection	.octon/generated/cognition/projections/materialized/runs/child-terminal-packet-worktree-partitioning-automation-20260620t011500z-workflow-resolve-git-github-route/health.yml	referenced by a tracked or retained control, evidence, generated, or governance file
protected	generated_run_health_projection	.octon/generated/cognition/projections/materialized/runs/child-terminal-packet-worktree-partitioning-automation-20260620t011500z-workflow-run-evidence-only-reviews/health.yml	referenced by a tracked or retained control, evidence, generated, or governance file
protected	generated_run_health_projection	.octon/generated/cognition/projections/materialized/runs/child-terminal-packet-worktree-partitioning-automation-20260620t011500z-workflow-validate-publication-freshness/health.yml	referenced by a tracked or retained control, evidence, generated, or governance file
protected	generated_run_health_projection	.octon/generated/cognition/projections/materialized/runs/child-terminal-packet-worktree-partitioning-automation-20260620t011500z-workflow-verify-durable-implementation-state/health.yml	referenced by a tracked or retained control, evidence, generated, or governance file
protected	generated_run_health_projection	.octon/generated/cognition/projections/materialized/runs/child-terminal-packet-worktree-partitioning-automation-20260620t011500z-workflow-verify-implementation-conformance/health.yml	referenced by a tracked or retained control, evidence, generated, or governance file
protected	generated_run_health_projection	.octon/generated/cognition/projections/materialized/runs/child-terminal-packet-worktree-partitioning-automation-20260620t011500z-workflow-verify-post-implementation-drift/health.yml	referenced by a tracked or retained control, evidence, generated, or governance file
protected	generated_run_health_projection	.octon/generated/cognition/projections/materialized/runs/child-terminal-packet-worktree-partitioning-automation-20260620t011500z-workflow/health.yml	referenced by a tracked or retained control, evidence, generated, or governance file
protected	generated_run_health_projection	.octon/generated/cognition/projections/materialized/runs/child-terminal-terminal-evidence-sink-autonomy-20260620t015000z-workflow-bind-profile/health.yml	referenced by a tracked or retained control, evidence, generated, or governance file
protected	generated_run_health_projection	.octon/generated/cognition/projections/materialized/runs/child-terminal-terminal-evidence-sink-autonomy-20260620t015000z-workflow-classify-repo-hygiene/health.yml	referenced by a tracked or retained control, evidence, generated, or governance file
protected	generated_run_health_projection	.octon/generated/cognition/projections/materialized/runs/child-terminal-terminal-evidence-sink-autonomy-20260620t015000z-workflow-classify-worktree-hygiene/health.yml	referenced by a tracked or retained control, evidence, generated, or governance file
protected	generated_run_health_projection	.octon/generated/cognition/projections/materialized/runs/child-terminal-terminal-evidence-sink-autonomy-20260620t015000z-workflow-emit-terminal-receipt/health.yml	referenced by a tracked or retained control, evidence, generated, or governance file
protected	generated_run_health_projection	.octon/generated/cognition/projections/materialized/runs/child-terminal-terminal-evidence-sink-autonomy-20260620t015000z-workflow-resolve-git-github-route/health.yml	referenced by a tracked or retained control, evidence, generated, or governance file
protected	generated_run_health_projection	.octon/generated/cognition/projections/materialized/runs/child-terminal-terminal-evidence-sink-autonomy-20260620t015000z-workflow-run-evidence-only-reviews/health.yml	referenced by a tracked or retained control, evidence, generated, or governance file
protected	generated_run_health_projection	.octon/generated/cognition/projections/materialized/runs/child-terminal-terminal-evidence-sink-autonomy-20260620t015000z-workflow-validate-publication-freshness/health.yml	referenced by a tracked or retained control, evidence, generated, or governance file
protected	generated_run_health_projection	.octon/generated/cognition/projections/materialized/runs/child-terminal-terminal-evidence-sink-autonomy-20260620t015000z-workflow-verify-durable-implementation-state/health.yml	referenced by a tracked or retained control, evidence, generated, or governance file
protected	generated_run_health_projection	.octon/generated/cognition/projections/materialized/runs/child-terminal-terminal-evidence-sink-autonomy-20260620t015000z-workflow-verify-implementation-conformance/health.yml	referenced by a tracked or retained control, evidence, generated, or governance file
protected	generated_run_health_projection	.octon/generated/cognition/projections/materialized/runs/child-terminal-terminal-evidence-sink-autonomy-20260620t015000z-workflow-verify-post-implementation-drift/health.yml	referenced by a tracked or retained control, evidence, generated, or governance file
protected	generated_run_health_projection	.octon/generated/cognition/projections/materialized/runs/child-terminal-terminal-evidence-sink-autonomy-20260620t015000z-workflow/health.yml	referenced by a tracked or retained control, evidence, generated, or governance file
protected	active_control_state	.octon/state/continuity/runs/publish-1782112031372-52324/handoff.yml	referenced by a tracked or retained control, evidence, generated, or governance file
protected	active_control_state	.octon/state/continuity/runs/publish-1782112218296-12290/handoff.yml	referenced by a tracked or retained control, evidence, generated, or governance file
protected	active_control_state	.octon/state/continuity/runs/publish-1782112239866-20952/handoff.yml	referenced by a tracked or retained control, evidence, generated, or governance file
protected	active_control_state	.octon/state/continuity/runs/publish-1782112249435-21634/handoff.yml	referenced by a tracked or retained control, evidence, generated, or governance file
protected	active_control_state	.octon/state/continuity/runs/publish-1782114100078-13883/handoff.yml	referenced by a tracked or retained control, evidence, generated, or governance file
protected	active_control_state	.octon/state/continuity/runs/publish-1782114330171-73930/handoff.yml	referenced by a tracked or retained control, evidence, generated, or governance file
protected	active_control_state	.octon/state/continuity/runs/publish-1782114354356-82583/handoff.yml	referenced by a tracked or retained control, evidence, generated, or governance file
protected	active_control_state	.octon/state/continuity/runs/publish-1782114364286-83241/handoff.yml	referenced by a tracked or retained control, evidence, generated, or governance file
protected	active_run_state	.octon/state/control/execution/runs/lifecycle-proposal-program-operator-free-lifecycle-delivery-autonomy-hardening-20260620T132759Z-complete-program-blocker-vector-planner-output/context/active-context-pack.yml	belongs to the active lifecycle run id supplied to the cleanup helper
protected	active_run_state	.octon/state/control/execution/runs/lifecycle-proposal-program-operator-free-lifecycle-delivery-autonomy-hardening-20260620T132759Z-complete-program-blocker-vector-planner-output/context/status.yml	belongs to the active lifecycle run id supplied to the cleanup helper
protected	active_run_state	.octon/state/control/execution/runs/lifecycle-proposal-program-operator-free-lifecycle-delivery-autonomy-hardening-20260620T132759Z-complete-program-blocker-vector-planner-output/lifecycle-checkpoint.yml	belongs to the active lifecycle run id supplied to the cleanup helper
protected	active_run_state	.octon/state/control/execution/runs/lifecycle-proposal-program-operator-free-lifecycle-delivery-autonomy-hardening-20260620T132759Z-complete-program-blocker-vector-planner-output/lifecycle-events.ndjson	belongs to the active lifecycle run id supplied to the cleanup helper
protected	active_run_state	.octon/state/control/execution/runs/lifecycle-proposal-program-operator-free-lifecycle-delivery-autonomy-hardening-20260620T132759Z/children/complete-program-blocker-vector-planner-output/context/active-context-pack.yml	belongs to the active lifecycle run id supplied to the cleanup helper
protected	active_run_state	.octon/state/control/execution/runs/lifecycle-proposal-program-operator-free-lifecycle-delivery-autonomy-hardening-20260620T132759Z/children/complete-program-blocker-vector-planner-output/context/status.yml	belongs to the active lifecycle run id supplied to the cleanup helper
protected	active_run_state	.octon/state/control/execution/runs/lifecycle-proposal-program-operator-free-lifecycle-delivery-autonomy-hardening-20260620T132759Z/children/lifecycle-validator-runtime-resolver/context/active-context-pack.yml	belongs to the active lifecycle run id supplied to the cleanup helper
protected	active_run_state	.octon/state/control/execution/runs/lifecycle-proposal-program-operator-free-lifecycle-delivery-autonomy-hardening-20260620T132759Z/children/lifecycle-validator-runtime-resolver/context/status.yml	belongs to the active lifecycle run id supplied to the cleanup helper
protected	active_run_state	.octon/state/control/execution/runs/lifecycle-proposal-program-operator-free-lifecycle-delivery-autonomy-hardening-20260620T132759Z/children/normalized-child-terminal-evidence-summary/context/active-context-pack.yml	belongs to the active lifecycle run id supplied to the cleanup helper
protected	active_run_state	.octon/state/control/execution/runs/lifecycle-proposal-program-operator-free-lifecycle-delivery-autonomy-hardening-20260620T132759Z/children/normalized-child-terminal-evidence-summary/context/status.yml	belongs to the active lifecycle run id supplied to the cleanup helper
protected	active_run_state	.octon/state/control/execution/runs/lifecycle-proposal-program-operator-free-lifecycle-delivery-autonomy-hardening-20260620T132759Z/children/targeted-proposal-freshness-checks/context/active-context-pack.yml	belongs to the active lifecycle run id supplied to the cleanup helper
protected	active_run_state	.octon/state/control/execution/runs/lifecycle-proposal-program-operator-free-lifecycle-delivery-autonomy-hardening-20260620T132759Z/children/targeted-proposal-freshness-checks/context/status.yml	belongs to the active lifecycle run id supplied to the cleanup helper
protected	active_run_state	.octon/state/control/execution/runs/lifecycle-proposal-program-operator-free-lifecycle-delivery-autonomy-hardening-20260620T132759Z/parent/context/active-context-pack.yml	belongs to the active lifecycle run id supplied to the cleanup helper
protected	active_run_state	.octon/state/control/execution/runs/lifecycle-proposal-program-operator-free-lifecycle-delivery-autonomy-hardening-20260620T132759Z/parent/context/status.yml	belongs to the active lifecycle run id supplied to the cleanup helper
protected	active_run_state	.octon/state/control/execution/runs/lifecycle-proposal-program-operator-free-lifecycle-delivery-autonomy-hardening-20260620T132759Z/program-events.ndjson	belongs to the active lifecycle run id supplied to the cleanup helper
protected	active_run_state	.octon/state/control/execution/runs/lifecycle-proposal-program-operator-free-lifecycle-delivery-autonomy-hardening-20260620T132759Z/program-lifecycle-checkpoint.yml	belongs to the active lifecycle run id supplied to the cleanup helper
protected	active_control_state	.octon/state/control/execution/runs/packet-terminal-cpbvpo-20260620T1945Z/context/active-context-pack.yml	referenced by a tracked or retained control, evidence, generated, or governance file
protected	active_control_state	.octon/state/control/execution/runs/packet-terminal-cpbvpo-20260620T1945Z/context/status.yml	referenced by a tracked or retained control, evidence, generated, or governance file
protected	active_control_state	.octon/state/control/execution/runs/packet-terminal-cpbvpo-20260620T1945Z/lifecycle-checkpoint.yml	referenced by a tracked or retained control, evidence, generated, or governance file
protected	active_control_state	.octon/state/control/execution/runs/packet-terminal-cpbvpo-20260620T1945Z/lifecycle-events.ndjson	referenced by a tracked or retained control, evidence, generated, or governance file
protected	active_control_state	.octon/state/control/execution/runs/pkt-terminal-cpbvpo-20260620a/context/active-context-pack.yml	referenced by a tracked or retained control, evidence, generated, or governance file
protected	active_control_state	.octon/state/control/execution/runs/pkt-terminal-cpbvpo-20260620a/context/status.yml	referenced by a tracked or retained control, evidence, generated, or governance file
protected	active_control_state	.octon/state/control/execution/runs/pkt-terminal-cpbvpo-20260620a/lifecycle-checkpoint.yml	referenced by a tracked or retained control, evidence, generated, or governance file
protected	active_control_state	.octon/state/control/execution/runs/pkt-terminal-cpbvpo-20260620a/lifecycle-events.ndjson	referenced by a tracked or retained control, evidence, generated, or governance file
protected	active_control_state	.octon/state/control/execution/runs/pkt-terminal-cpbvpo-20260620d/context/active-context-pack.yml	referenced by a tracked or retained control, evidence, generated, or governance file
protected	active_control_state	.octon/state/control/execution/runs/pkt-terminal-cpbvpo-20260620d/context/status.yml	referenced by a tracked or retained control, evidence, generated, or governance file
protected	active_control_state	.octon/state/control/execution/runs/pkt-terminal-cpbvpo-20260620d/lifecycle-checkpoint.yml	referenced by a tracked or retained control, evidence, generated, or governance file
protected	active_control_state	.octon/state/control/execution/runs/pkt-terminal-cpbvpo-20260620d/lifecycle-events.ndjson	referenced by a tracked or retained control, evidence, generated, or governance file
protected	active_control_state	.octon/state/control/execution/runs/publish-1782112031372-52324/authority/budget-ledger.yml	referenced by a tracked or retained control, evidence, generated, or governance file
cleanup_candidate	local_run_residue	.octon/state/control/execution/runs/publish-1782112031372-52324/authority/decision.yml	unreferenced closed workflow-engine run residue: publish-1782112031372-52324
protected	active_control_state	.octon/state/control/execution/runs/publish-1782112031372-52324/authority/grant-bundle.yml	referenced by a tracked or retained control, evidence, generated, or governance file
protected	active_control_state	.octon/state/control/execution/runs/publish-1782112031372-52324/authority/review-dispositions.yml	referenced by a tracked or retained control, evidence, generated, or governance file
protected	active_control_state	.octon/state/control/execution/runs/publish-1782112031372-52324/checkpoints/bound.yml	referenced by a tracked or retained control, evidence, generated, or governance file
protected	active_control_state	.octon/state/control/execution/runs/publish-1782112031372-52324/checkpoints/execution-complete.yml	referenced by a tracked or retained control, evidence, generated, or governance file
protected	active_control_state	.octon/state/control/execution/runs/publish-1782112031372-52324/checkpoints/execution-start.yml	referenced by a tracked or retained control, evidence, generated, or governance file
protected	active_control_state	.octon/state/control/execution/runs/publish-1782112031372-52324/contamination/current.yml	referenced by a tracked or retained control, evidence, generated, or governance file
cleanup_candidate	local_run_residue	.octon/state/control/execution/runs/publish-1782112031372-52324/context/active-context-pack.yml	unreferenced closed workflow-engine run residue: publish-1782112031372-52324
cleanup_candidate	local_run_residue	.octon/state/control/execution/runs/publish-1782112031372-52324/context/status.yml	unreferenced closed workflow-engine run residue: publish-1782112031372-52324
protected	active_control_state	.octon/state/control/execution/runs/publish-1782112031372-52324/effect-tokens/effect-token-evidence-mutation-5e12bf8474c9.json	referenced by a tracked or retained control, evidence, generated, or governance file
protected	active_control_state	.octon/state/control/execution/runs/publish-1782112031372-52324/effect-tokens/effect-token-evidence-mutation-6e823ad65d53.json	referenced by a tracked or retained control, evidence, generated, or governance file
protected	active_control_state	.octon/state/control/execution/runs/publish-1782112031372-52324/effect-tokens/effect-token-evidence-mutation-d374170a3ef9.json	referenced by a tracked or retained control, evidence, generated, or governance file
protected	active_control_state	.octon/state/control/execution/runs/publish-1782112031372-52324/effect-tokens/effect-token-extension-activation-b83fa02dee3c.json	referenced by a tracked or retained control, evidence, generated, or governance file
protected	active_control_state	.octon/state/control/execution/runs/publish-1782112031372-52324/effect-tokens/effect-token-extension-activation-cffd322d1033.json	referenced by a tracked or retained control, evidence, generated, or governance file
protected	active_control_state	.octon/state/control/execution/runs/publish-1782112031372-52324/effect-tokens/effect-token-state-control-mutation-4568ce94a17b.json	referenced by a tracked or retained control, evidence, generated, or governance file
protected	active_control_state	.octon/state/control/execution/runs/publish-1782112031372-52324/events.manifest.yml	referenced by a tracked or retained control, evidence, generated, or governance file
protected	active_control_state	.octon/state/control/execution/runs/publish-1782112031372-52324/events.ndjson	referenced by a tracked or retained control, evidence, generated, or governance file
protected	active_control_state	.octon/state/control/execution/runs/publish-1782112031372-52324/retry-records/baseline.yml	referenced by a tracked or retained control, evidence, generated, or governance file
protected	active_control_state	.octon/state/control/execution/runs/publish-1782112031372-52324/rollback-posture.yml	referenced by a tracked or retained control, evidence, generated, or governance file
protected	active_control_state	.octon/state/control/execution/runs/publish-1782112031372-52324/run-contract.yml	referenced by a tracked or retained control, evidence, generated, or governance file
protected	active_control_state	.octon/state/control/execution/runs/publish-1782112031372-52324/run-manifest.yml	referenced by a tracked or retained control, evidence, generated, or governance file
protected	active_control_state	.octon/state/control/execution/runs/publish-1782112031372-52324/runtime-state.yml	referenced by a tracked or retained control, evidence, generated, or governance file
protected	active_control_state	.octon/state/control/execution/runs/publish-1782112031372-52324/stage-attempts/initial.yml	referenced by a tracked or retained control, evidence, generated, or governance file
protected	active_control_state	.octon/state/control/execution/runs/publish-1782112218296-12290/authority/budget-ledger.yml	referenced by a tracked or retained control, evidence, generated, or governance file
cleanup_candidate	local_run_residue	.octon/state/control/execution/runs/publish-1782112218296-12290/authority/decision.yml	unreferenced closed workflow-engine run residue: publish-1782112218296-12290
protected	active_control_state	.octon/state/control/execution/runs/publish-1782112218296-12290/authority/grant-bundle.yml	referenced by a tracked or retained control, evidence, generated, or governance file
protected	active_control_state	.octon/state/control/execution/runs/publish-1782112218296-12290/authority/review-dispositions.yml	referenced by a tracked or retained control, evidence, generated, or governance file
protected	active_control_state	.octon/state/control/execution/runs/publish-1782112218296-12290/checkpoints/bound.yml	referenced by a tracked or retained control, evidence, generated, or governance file
protected	active_control_state	.octon/state/control/execution/runs/publish-1782112218296-12290/checkpoints/execution-complete.yml	referenced by a tracked or retained control, evidence, generated, or governance file
protected	active_control_state	.octon/state/control/execution/runs/publish-1782112218296-12290/checkpoints/execution-start.yml	referenced by a tracked or retained control, evidence, generated, or governance file
protected	active_control_state	.octon/state/control/execution/runs/publish-1782112218296-12290/contamination/current.yml	referenced by a tracked or retained control, evidence, generated, or governance file
cleanup_candidate	local_run_residue	.octon/state/control/execution/runs/publish-1782112218296-12290/context/active-context-pack.yml	unreferenced closed workflow-engine run residue: publish-1782112218296-12290
cleanup_candidate	local_run_residue	.octon/state/control/execution/runs/publish-1782112218296-12290/context/status.yml	unreferenced closed workflow-engine run residue: publish-1782112218296-12290
protected	active_control_state	.octon/state/control/execution/runs/publish-1782112218296-12290/effect-tokens/effect-token-capability-pack-activation-a312070fd679.json	referenced by a tracked or retained control, evidence, generated, or governance file
protected	active_control_state	.octon/state/control/execution/runs/publish-1782112218296-12290/effect-tokens/effect-token-evidence-mutation-9b8c1403a841.json	referenced by a tracked or retained control, evidence, generated, or governance file
protected	active_control_state	.octon/state/control/execution/runs/publish-1782112218296-12290/effect-tokens/effect-token-evidence-mutation-f499a61369ae.json	referenced by a tracked or retained control, evidence, generated, or governance file
protected	active_control_state	.octon/state/control/execution/runs/publish-1782112218296-12290/effect-tokens/effect-token-state-control-mutation-4ee2a0858ca4.json	referenced by a tracked or retained control, evidence, generated, or governance file
protected	active_control_state	.octon/state/control/execution/runs/publish-1782112218296-12290/events.manifest.yml	referenced by a tracked or retained control, evidence, generated, or governance file
protected	active_control_state	.octon/state/control/execution/runs/publish-1782112218296-12290/events.ndjson	referenced by a tracked or retained control, evidence, generated, or governance file
protected	active_control_state	.octon/state/control/execution/runs/publish-1782112218296-12290/retry-records/baseline.yml	referenced by a tracked or retained control, evidence, generated, or governance file
protected	active_control_state	.octon/state/control/execution/runs/publish-1782112218296-12290/rollback-posture.yml	referenced by a tracked or retained control, evidence, generated, or governance file
protected	active_control_state	.octon/state/control/execution/runs/publish-1782112218296-12290/run-contract.yml	referenced by a tracked or retained control, evidence, generated, or governance file
protected	active_control_state	.octon/state/control/execution/runs/publish-1782112218296-12290/run-manifest.yml	referenced by a tracked or retained control, evidence, generated, or governance file
protected	active_control_state	.octon/state/control/execution/runs/publish-1782112218296-12290/runtime-state.yml	referenced by a tracked or retained control, evidence, generated, or governance file
protected	active_control_state	.octon/state/control/execution/runs/publish-1782112218296-12290/stage-attempts/initial.yml	referenced by a tracked or retained control, evidence, generated, or governance file
protected	active_control_state	.octon/state/control/execution/runs/publish-1782112239866-20952/authority/budget-ledger.yml	referenced by a tracked or retained control, evidence, generated, or governance file
cleanup_candidate	local_run_residue	.octon/state/control/execution/runs/publish-1782112239866-20952/authority/decision.yml	unreferenced closed workflow-engine run residue: publish-1782112239866-20952
protected	active_control_state	.octon/state/control/execution/runs/publish-1782112239866-20952/authority/grant-bundle.yml	referenced by a tracked or retained control, evidence, generated, or governance file
protected	active_control_state	.octon/state/control/execution/runs/publish-1782112239866-20952/authority/review-dispositions.yml	referenced by a tracked or retained control, evidence, generated, or governance file
protected	active_control_state	.octon/state/control/execution/runs/publish-1782112239866-20952/checkpoints/bound.yml	referenced by a tracked or retained control, evidence, generated, or governance file
protected	active_control_state	.octon/state/control/execution/runs/publish-1782112239866-20952/checkpoints/execution-complete.yml	referenced by a tracked or retained control, evidence, generated, or governance file
protected	active_control_state	.octon/state/control/execution/runs/publish-1782112239866-20952/checkpoints/execution-start.yml	referenced by a tracked or retained control, evidence, generated, or governance file
protected	active_control_state	.octon/state/control/execution/runs/publish-1782112239866-20952/contamination/current.yml	referenced by a tracked or retained control, evidence, generated, or governance file
cleanup_candidate	local_run_residue	.octon/state/control/execution/runs/publish-1782112239866-20952/context/active-context-pack.yml	unreferenced closed workflow-engine run residue: publish-1782112239866-20952
cleanup_candidate	local_run_residue	.octon/state/control/execution/runs/publish-1782112239866-20952/context/status.yml	unreferenced closed workflow-engine run residue: publish-1782112239866-20952
protected	active_control_state	.octon/state/control/execution/runs/publish-1782112239866-20952/effect-tokens/effect-token-evidence-mutation-256854c8afcd.json	referenced by a tracked or retained control, evidence, generated, or governance file
protected	active_control_state	.octon/state/control/execution/runs/publish-1782112239866-20952/effect-tokens/effect-token-evidence-mutation-df81cde47edc.json	referenced by a tracked or retained control, evidence, generated, or governance file
protected	active_control_state	.octon/state/control/execution/runs/publish-1782112239866-20952/effect-tokens/effect-token-generated-effective-publication-0d31d03f610b.json	referenced by a tracked or retained control, evidence, generated, or governance file
protected	active_control_state	.octon/state/control/execution/runs/publish-1782112239866-20952/effect-tokens/effect-token-state-control-mutation-687bd26f3287.json	referenced by a tracked or retained control, evidence, generated, or governance file
protected	active_control_state	.octon/state/control/execution/runs/publish-1782112239866-20952/events.manifest.yml	referenced by a tracked or retained control, evidence, generated, or governance file
protected	active_control_state	.octon/state/control/execution/runs/publish-1782112239866-20952/events.ndjson	referenced by a tracked or retained control, evidence, generated, or governance file
protected	active_control_state	.octon/state/control/execution/runs/publish-1782112239866-20952/retry-records/baseline.yml	referenced by a tracked or retained control, evidence, generated, or governance file
protected	active_control_state	.octon/state/control/execution/runs/publish-1782112239866-20952/rollback-posture.yml	referenced by a tracked or retained control, evidence, generated, or governance file
protected	active_control_state	.octon/state/control/execution/runs/publish-1782112239866-20952/run-contract.yml	referenced by a tracked or retained control, evidence, generated, or governance file
protected	active_control_state	.octon/state/control/execution/runs/publish-1782112239866-20952/run-manifest.yml	referenced by a tracked or retained control, evidence, generated, or governance file
protected	active_control_state	.octon/state/control/execution/runs/publish-1782112239866-20952/runtime-state.yml	referenced by a tracked or retained control, evidence, generated, or governance file
protected	active_control_state	.octon/state/control/execution/runs/publish-1782112239866-20952/stage-attempts/initial.yml	referenced by a tracked or retained control, evidence, generated, or governance file
protected	active_control_state	.octon/state/control/execution/runs/publish-1782112249435-21634/authority/budget-ledger.yml	referenced by a tracked or retained control, evidence, generated, or governance file
cleanup_candidate	local_run_residue	.octon/state/control/execution/runs/publish-1782112249435-21634/authority/decision.yml	unreferenced closed workflow-engine run residue: publish-1782112249435-21634
protected	active_control_state	.octon/state/control/execution/runs/publish-1782112249435-21634/authority/grant-bundle.yml	referenced by a tracked or retained control, evidence, generated, or governance file
protected	active_control_state	.octon/state/control/execution/runs/publish-1782112249435-21634/authority/review-dispositions.yml	referenced by a tracked or retained control, evidence, generated, or governance file
protected	active_control_state	.octon/state/control/execution/runs/publish-1782112249435-21634/checkpoints/bound.yml	referenced by a tracked or retained control, evidence, generated, or governance file
protected	active_control_state	.octon/state/control/execution/runs/publish-1782112249435-21634/checkpoints/execution-complete.yml	referenced by a tracked or retained control, evidence, generated, or governance file
protected	active_control_state	.octon/state/control/execution/runs/publish-1782112249435-21634/checkpoints/execution-start.yml	referenced by a tracked or retained control, evidence, generated, or governance file
protected	active_control_state	.octon/state/control/execution/runs/publish-1782112249435-21634/contamination/current.yml	referenced by a tracked or retained control, evidence, generated, or governance file
cleanup_candidate	local_run_residue	.octon/state/control/execution/runs/publish-1782112249435-21634/context/active-context-pack.yml	unreferenced closed workflow-engine run residue: publish-1782112249435-21634
cleanup_candidate	local_run_residue	.octon/state/control/execution/runs/publish-1782112249435-21634/context/status.yml	unreferenced closed workflow-engine run residue: publish-1782112249435-21634
protected	active_control_state	.octon/state/control/execution/runs/publish-1782112249435-21634/effect-tokens/effect-token-evidence-mutation-8b3a3fc62cd8.json	referenced by a tracked or retained control, evidence, generated, or governance file
protected	active_control_state	.octon/state/control/execution/runs/publish-1782112249435-21634/effect-tokens/effect-token-evidence-mutation-e63c68004468.json	referenced by a tracked or retained control, evidence, generated, or governance file
protected	active_control_state	.octon/state/control/execution/runs/publish-1782112249435-21634/effect-tokens/effect-token-generated-effective-publication-e40058bb0eb6.json	referenced by a tracked or retained control, evidence, generated, or governance file
protected	active_control_state	.octon/state/control/execution/runs/publish-1782112249435-21634/effect-tokens/effect-token-state-control-mutation-5a829080b057.json	referenced by a tracked or retained control, evidence, generated, or governance file
protected	active_control_state	.octon/state/control/execution/runs/publish-1782112249435-21634/events.manifest.yml	referenced by a tracked or retained control, evidence, generated, or governance file
protected	active_control_state	.octon/state/control/execution/runs/publish-1782112249435-21634/events.ndjson	referenced by a tracked or retained control, evidence, generated, or governance file
protected	active_control_state	.octon/state/control/execution/runs/publish-1782112249435-21634/retry-records/baseline.yml	referenced by a tracked or retained control, evidence, generated, or governance file
protected	active_control_state	.octon/state/control/execution/runs/publish-1782112249435-21634/rollback-posture.yml	referenced by a tracked or retained control, evidence, generated, or governance file
protected	active_control_state	.octon/state/control/execution/runs/publish-1782112249435-21634/run-contract.yml	referenced by a tracked or retained control, evidence, generated, or governance file
protected	active_control_state	.octon/state/control/execution/runs/publish-1782112249435-21634/run-manifest.yml	referenced by a tracked or retained control, evidence, generated, or governance file
protected	active_control_state	.octon/state/control/execution/runs/publish-1782112249435-21634/runtime-state.yml	referenced by a tracked or retained control, evidence, generated, or governance file
protected	active_control_state	.octon/state/control/execution/runs/publish-1782112249435-21634/stage-attempts/initial.yml	referenced by a tracked or retained control, evidence, generated, or governance file
protected	active_control_state	.octon/state/control/execution/runs/publish-1782114100078-13883/authority/budget-ledger.yml	referenced by a tracked or retained control, evidence, generated, or governance file
cleanup_candidate	local_run_residue	.octon/state/control/execution/runs/publish-1782114100078-13883/authority/decision.yml	unreferenced closed workflow-engine run residue: publish-1782114100078-13883
protected	active_control_state	.octon/state/control/execution/runs/publish-1782114100078-13883/authority/grant-bundle.yml	referenced by a tracked or retained control, evidence, generated, or governance file
protected	active_control_state	.octon/state/control/execution/runs/publish-1782114100078-13883/authority/review-dispositions.yml	referenced by a tracked or retained control, evidence, generated, or governance file
protected	active_control_state	.octon/state/control/execution/runs/publish-1782114100078-13883/checkpoints/bound.yml	referenced by a tracked or retained control, evidence, generated, or governance file
protected	active_control_state	.octon/state/control/execution/runs/publish-1782114100078-13883/checkpoints/execution-complete.yml	referenced by a tracked or retained control, evidence, generated, or governance file
protected	active_control_state	.octon/state/control/execution/runs/publish-1782114100078-13883/checkpoints/execution-start.yml	referenced by a tracked or retained control, evidence, generated, or governance file
protected	active_control_state	.octon/state/control/execution/runs/publish-1782114100078-13883/contamination/current.yml	referenced by a tracked or retained control, evidence, generated, or governance file
cleanup_candidate	local_run_residue	.octon/state/control/execution/runs/publish-1782114100078-13883/context/active-context-pack.yml	unreferenced closed workflow-engine run residue: publish-1782114100078-13883
cleanup_candidate	local_run_residue	.octon/state/control/execution/runs/publish-1782114100078-13883/context/status.yml	unreferenced closed workflow-engine run residue: publish-1782114100078-13883
protected	active_control_state	.octon/state/control/execution/runs/publish-1782114100078-13883/effect-tokens/effect-token-evidence-mutation-07b54907cbc8.json	referenced by a tracked or retained control, evidence, generated, or governance file
protected	active_control_state	.octon/state/control/execution/runs/publish-1782114100078-13883/effect-tokens/effect-token-evidence-mutation-3aad3b8ed903.json	referenced by a tracked or retained control, evidence, generated, or governance file
protected	active_control_state	.octon/state/control/execution/runs/publish-1782114100078-13883/effect-tokens/effect-token-evidence-mutation-f01cc1594124.json	referenced by a tracked or retained control, evidence, generated, or governance file
protected	active_control_state	.octon/state/control/execution/runs/publish-1782114100078-13883/effect-tokens/effect-token-extension-activation-21316e512026.json	referenced by a tracked or retained control, evidence, generated, or governance file
protected	active_control_state	.octon/state/control/execution/runs/publish-1782114100078-13883/effect-tokens/effect-token-extension-activation-3002772aff6c.json	referenced by a tracked or retained control, evidence, generated, or governance file
protected	active_control_state	.octon/state/control/execution/runs/publish-1782114100078-13883/effect-tokens/effect-token-state-control-mutation-61b51b3f31af.json	referenced by a tracked or retained control, evidence, generated, or governance file
protected	active_control_state	.octon/state/control/execution/runs/publish-1782114100078-13883/events.manifest.yml	referenced by a tracked or retained control, evidence, generated, or governance file
protected	active_control_state	.octon/state/control/execution/runs/publish-1782114100078-13883/events.ndjson	referenced by a tracked or retained control, evidence, generated, or governance file
protected	active_control_state	.octon/state/control/execution/runs/publish-1782114100078-13883/retry-records/baseline.yml	referenced by a tracked or retained control, evidence, generated, or governance file
protected	active_control_state	.octon/state/control/execution/runs/publish-1782114100078-13883/rollback-posture.yml	referenced by a tracked or retained control, evidence, generated, or governance file
protected	active_control_state	.octon/state/control/execution/runs/publish-1782114100078-13883/run-contract.yml	referenced by a tracked or retained control, evidence, generated, or governance file
protected	active_control_state	.octon/state/control/execution/runs/publish-1782114100078-13883/run-manifest.yml	referenced by a tracked or retained control, evidence, generated, or governance file
protected	active_control_state	.octon/state/control/execution/runs/publish-1782114100078-13883/runtime-state.yml	referenced by a tracked or retained control, evidence, generated, or governance file
protected	active_control_state	.octon/state/control/execution/runs/publish-1782114100078-13883/stage-attempts/initial.yml	referenced by a tracked or retained control, evidence, generated, or governance file
protected	active_control_state	.octon/state/control/execution/runs/publish-1782114330171-73930/authority/budget-ledger.yml	referenced by a tracked or retained control, evidence, generated, or governance file
cleanup_candidate	local_run_residue	.octon/state/control/execution/runs/publish-1782114330171-73930/authority/decision.yml	unreferenced closed workflow-engine run residue: publish-1782114330171-73930
protected	active_control_state	.octon/state/control/execution/runs/publish-1782114330171-73930/authority/grant-bundle.yml	referenced by a tracked or retained control, evidence, generated, or governance file
protected	active_control_state	.octon/state/control/execution/runs/publish-1782114330171-73930/authority/review-dispositions.yml	referenced by a tracked or retained control, evidence, generated, or governance file
protected	active_control_state	.octon/state/control/execution/runs/publish-1782114330171-73930/checkpoints/bound.yml	referenced by a tracked or retained control, evidence, generated, or governance file
protected	active_control_state	.octon/state/control/execution/runs/publish-1782114330171-73930/checkpoints/execution-complete.yml	referenced by a tracked or retained control, evidence, generated, or governance file
protected	active_control_state	.octon/state/control/execution/runs/publish-1782114330171-73930/checkpoints/execution-start.yml	referenced by a tracked or retained control, evidence, generated, or governance file
protected	active_control_state	.octon/state/control/execution/runs/publish-1782114330171-73930/contamination/current.yml	referenced by a tracked or retained control, evidence, generated, or governance file
cleanup_candidate	local_run_residue	.octon/state/control/execution/runs/publish-1782114330171-73930/context/active-context-pack.yml	unreferenced closed workflow-engine run residue: publish-1782114330171-73930
cleanup_candidate	local_run_residue	.octon/state/control/execution/runs/publish-1782114330171-73930/context/status.yml	unreferenced closed workflow-engine run residue: publish-1782114330171-73930
protected	active_control_state	.octon/state/control/execution/runs/publish-1782114330171-73930/effect-tokens/effect-token-capability-pack-activation-f75306ab159c.json	referenced by a tracked or retained control, evidence, generated, or governance file
protected	active_control_state	.octon/state/control/execution/runs/publish-1782114330171-73930/effect-tokens/effect-token-evidence-mutation-1a49b9c94309.json	referenced by a tracked or retained control, evidence, generated, or governance file
protected	active_control_state	.octon/state/control/execution/runs/publish-1782114330171-73930/effect-tokens/effect-token-evidence-mutation-372ab10f078b.json	referenced by a tracked or retained control, evidence, generated, or governance file
protected	active_control_state	.octon/state/control/execution/runs/publish-1782114330171-73930/effect-tokens/effect-token-state-control-mutation-8971c2ef7611.json	referenced by a tracked or retained control, evidence, generated, or governance file
protected	active_control_state	.octon/state/control/execution/runs/publish-1782114330171-73930/events.manifest.yml	referenced by a tracked or retained control, evidence, generated, or governance file
protected	active_control_state	.octon/state/control/execution/runs/publish-1782114330171-73930/events.ndjson	referenced by a tracked or retained control, evidence, generated, or governance file
protected	active_control_state	.octon/state/control/execution/runs/publish-1782114330171-73930/retry-records/baseline.yml	referenced by a tracked or retained control, evidence, generated, or governance file
protected	active_control_state	.octon/state/control/execution/runs/publish-1782114330171-73930/rollback-posture.yml	referenced by a tracked or retained control, evidence, generated, or governance file
protected	active_control_state	.octon/state/control/execution/runs/publish-1782114330171-73930/run-contract.yml	referenced by a tracked or retained control, evidence, generated, or governance file
protected	active_control_state	.octon/state/control/execution/runs/publish-1782114330171-73930/run-manifest.yml	referenced by a tracked or retained control, evidence, generated, or governance file
protected	active_control_state	.octon/state/control/execution/runs/publish-1782114330171-73930/runtime-state.yml	referenced by a tracked or retained control, evidence, generated, or governance file
protected	active_control_state	.octon/state/control/execution/runs/publish-1782114330171-73930/stage-attempts/initial.yml	referenced by a tracked or retained control, evidence, generated, or governance file
protected	active_control_state	.octon/state/control/execution/runs/publish-1782114354356-82583/authority/budget-ledger.yml	referenced by a tracked or retained control, evidence, generated, or governance file
cleanup_candidate	local_run_residue	.octon/state/control/execution/runs/publish-1782114354356-82583/authority/decision.yml	unreferenced closed workflow-engine run residue: publish-1782114354356-82583
protected	active_control_state	.octon/state/control/execution/runs/publish-1782114354356-82583/authority/grant-bundle.yml	referenced by a tracked or retained control, evidence, generated, or governance file
protected	active_control_state	.octon/state/control/execution/runs/publish-1782114354356-82583/authority/review-dispositions.yml	referenced by a tracked or retained control, evidence, generated, or governance file
protected	active_control_state	.octon/state/control/execution/runs/publish-1782114354356-82583/checkpoints/bound.yml	referenced by a tracked or retained control, evidence, generated, or governance file
protected	active_control_state	.octon/state/control/execution/runs/publish-1782114354356-82583/checkpoints/execution-complete.yml	referenced by a tracked or retained control, evidence, generated, or governance file
protected	active_control_state	.octon/state/control/execution/runs/publish-1782114354356-82583/checkpoints/execution-start.yml	referenced by a tracked or retained control, evidence, generated, or governance file
protected	active_control_state	.octon/state/control/execution/runs/publish-1782114354356-82583/contamination/current.yml	referenced by a tracked or retained control, evidence, generated, or governance file
cleanup_candidate	local_run_residue	.octon/state/control/execution/runs/publish-1782114354356-82583/context/active-context-pack.yml	unreferenced closed workflow-engine run residue: publish-1782114354356-82583
cleanup_candidate	local_run_residue	.octon/state/control/execution/runs/publish-1782114354356-82583/context/status.yml	unreferenced closed workflow-engine run residue: publish-1782114354356-82583
protected	active_control_state	.octon/state/control/execution/runs/publish-1782114354356-82583/effect-tokens/effect-token-evidence-mutation-40438ce92bc3.json	referenced by a tracked or retained control, evidence, generated, or governance file
protected	active_control_state	.octon/state/control/execution/runs/publish-1782114354356-82583/effect-tokens/effect-token-evidence-mutation-f02d19a29764.json	referenced by a tracked or retained control, evidence, generated, or governance file
protected	active_control_state	.octon/state/control/execution/runs/publish-1782114354356-82583/effect-tokens/effect-token-generated-effective-publication-bdb0090e1515.json	referenced by a tracked or retained control, evidence, generated, or governance file
protected	active_control_state	.octon/state/control/execution/runs/publish-1782114354356-82583/effect-tokens/effect-token-state-control-mutation-99a6d64576cb.json	referenced by a tracked or retained control, evidence, generated, or governance file
protected	active_control_state	.octon/state/control/execution/runs/publish-1782114354356-82583/events.manifest.yml	referenced by a tracked or retained control, evidence, generated, or governance file
protected	active_control_state	.octon/state/control/execution/runs/publish-1782114354356-82583/events.ndjson	referenced by a tracked or retained control, evidence, generated, or governance file
protected	active_control_state	.octon/state/control/execution/runs/publish-1782114354356-82583/retry-records/baseline.yml	referenced by a tracked or retained control, evidence, generated, or governance file
protected	active_control_state	.octon/state/control/execution/runs/publish-1782114354356-82583/rollback-posture.yml	referenced by a tracked or retained control, evidence, generated, or governance file
protected	active_control_state	.octon/state/control/execution/runs/publish-1782114354356-82583/run-contract.yml	referenced by a tracked or retained control, evidence, generated, or governance file
protected	active_control_state	.octon/state/control/execution/runs/publish-1782114354356-82583/run-manifest.yml	referenced by a tracked or retained control, evidence, generated, or governance file
protected	active_control_state	.octon/state/control/execution/runs/publish-1782114354356-82583/runtime-state.yml	referenced by a tracked or retained control, evidence, generated, or governance file
protected	active_control_state	.octon/state/control/execution/runs/publish-1782114354356-82583/stage-attempts/initial.yml	referenced by a tracked or retained control, evidence, generated, or governance file
protected	active_control_state	.octon/state/control/execution/runs/publish-1782114364286-83241/authority/budget-ledger.yml	referenced by a tracked or retained control, evidence, generated, or governance file
cleanup_candidate	local_run_residue	.octon/state/control/execution/runs/publish-1782114364286-83241/authority/decision.yml	unreferenced closed workflow-engine run residue: publish-1782114364286-83241
protected	active_control_state	.octon/state/control/execution/runs/publish-1782114364286-83241/authority/grant-bundle.yml	referenced by a tracked or retained control, evidence, generated, or governance file
protected	active_control_state	.octon/state/control/execution/runs/publish-1782114364286-83241/authority/review-dispositions.yml	referenced by a tracked or retained control, evidence, generated, or governance file
protected	active_control_state	.octon/state/control/execution/runs/publish-1782114364286-83241/checkpoints/bound.yml	referenced by a tracked or retained control, evidence, generated, or governance file
protected	active_control_state	.octon/state/control/execution/runs/publish-1782114364286-83241/checkpoints/execution-complete.yml	referenced by a tracked or retained control, evidence, generated, or governance file
protected	active_control_state	.octon/state/control/execution/runs/publish-1782114364286-83241/checkpoints/execution-start.yml	referenced by a tracked or retained control, evidence, generated, or governance file
protected	active_control_state	.octon/state/control/execution/runs/publish-1782114364286-83241/contamination/current.yml	referenced by a tracked or retained control, evidence, generated, or governance file
cleanup_candidate	local_run_residue	.octon/state/control/execution/runs/publish-1782114364286-83241/context/active-context-pack.yml	unreferenced closed workflow-engine run residue: publish-1782114364286-83241
cleanup_candidate	local_run_residue	.octon/state/control/execution/runs/publish-1782114364286-83241/context/status.yml	unreferenced closed workflow-engine run residue: publish-1782114364286-83241
protected	active_control_state	.octon/state/control/execution/runs/publish-1782114364286-83241/effect-tokens/effect-token-evidence-mutation-693d46372ce0.json	referenced by a tracked or retained control, evidence, generated, or governance file
protected	active_control_state	.octon/state/control/execution/runs/publish-1782114364286-83241/effect-tokens/effect-token-evidence-mutation-784634ab4dbb.json	referenced by a tracked or retained control, evidence, generated, or governance file
protected	active_control_state	.octon/state/control/execution/runs/publish-1782114364286-83241/effect-tokens/effect-token-generated-effective-publication-f0aac6d51cad.json	referenced by a tracked or retained control, evidence, generated, or governance file
protected	active_control_state	.octon/state/control/execution/runs/publish-1782114364286-83241/effect-tokens/effect-token-state-control-mutation-f50f79dcc2aa.json	referenced by a tracked or retained control, evidence, generated, or governance file
protected	active_control_state	.octon/state/control/execution/runs/publish-1782114364286-83241/events.manifest.yml	referenced by a tracked or retained control, evidence, generated, or governance file
protected	active_control_state	.octon/state/control/execution/runs/publish-1782114364286-83241/events.ndjson	referenced by a tracked or retained control, evidence, generated, or governance file
protected	active_control_state	.octon/state/control/execution/runs/publish-1782114364286-83241/retry-records/baseline.yml	referenced by a tracked or retained control, evidence, generated, or governance file
protected	active_control_state	.octon/state/control/execution/runs/publish-1782114364286-83241/rollback-posture.yml	referenced by a tracked or retained control, evidence, generated, or governance file
protected	active_control_state	.octon/state/control/execution/runs/publish-1782114364286-83241/run-contract.yml	referenced by a tracked or retained control, evidence, generated, or governance file
protected	active_control_state	.octon/state/control/execution/runs/publish-1782114364286-83241/run-manifest.yml	referenced by a tracked or retained control, evidence, generated, or governance file
protected	active_control_state	.octon/state/control/execution/runs/publish-1782114364286-83241/runtime-state.yml	referenced by a tracked or retained control, evidence, generated, or governance file
protected	active_control_state	.octon/state/control/execution/runs/publish-1782114364286-83241/stage-attempts/initial.yml	referenced by a tracked or retained control, evidence, generated, or governance file
protected	retained_evidence	.octon/state/evidence/control/execution/authority-decision-publish-1782112031372-52324.yml	referenced by a tracked or retained control, evidence, generated, or governance file
protected	retained_evidence	.octon/state/evidence/control/execution/authority-decision-publish-1782112218296-12290.yml	referenced by a tracked or retained control, evidence, generated, or governance file
protected	retained_evidence	.octon/state/evidence/control/execution/authority-decision-publish-1782112239866-20952.yml	referenced by a tracked or retained control, evidence, generated, or governance file
protected	retained_evidence	.octon/state/evidence/control/execution/authority-decision-publish-1782112249435-21634.yml	referenced by a tracked or retained control, evidence, generated, or governance file
protected	retained_evidence	.octon/state/evidence/control/execution/authority-decision-publish-1782114100078-13883.yml	referenced by a tracked or retained control, evidence, generated, or governance file
protected	retained_evidence	.octon/state/evidence/control/execution/authority-decision-publish-1782114330171-73930.yml	referenced by a tracked or retained control, evidence, generated, or governance file
protected	retained_evidence	.octon/state/evidence/control/execution/authority-decision-publish-1782114354356-82583.yml	referenced by a tracked or retained control, evidence, generated, or governance file
protected	retained_evidence	.octon/state/evidence/control/execution/authority-decision-publish-1782114364286-83241.yml	referenced by a tracked or retained control, evidence, generated, or governance file
protected	retained_evidence	.octon/state/evidence/control/execution/authority-grant-bundle-publish-1782112031372-52324.yml	referenced by a tracked or retained control, evidence, generated, or governance file
protected	retained_evidence	.octon/state/evidence/control/execution/authority-grant-bundle-publish-1782112218296-12290.yml	referenced by a tracked or retained control, evidence, generated, or governance file
protected	retained_evidence	.octon/state/evidence/control/execution/authority-grant-bundle-publish-1782112239866-20952.yml	referenced by a tracked or retained control, evidence, generated, or governance file
protected	retained_evidence	.octon/state/evidence/control/execution/authority-grant-bundle-publish-1782112249435-21634.yml	referenced by a tracked or retained control, evidence, generated, or governance file
protected	retained_evidence	.octon/state/evidence/control/execution/authority-grant-bundle-publish-1782114100078-13883.yml	referenced by a tracked or retained control, evidence, generated, or governance file
protected	retained_evidence	.octon/state/evidence/control/execution/authority-grant-bundle-publish-1782114330171-73930.yml	referenced by a tracked or retained control, evidence, generated, or governance file
protected	retained_evidence	.octon/state/evidence/control/execution/authority-grant-bundle-publish-1782114354356-82583.yml	referenced by a tracked or retained control, evidence, generated, or governance file
protected	retained_evidence	.octon/state/evidence/control/execution/authority-grant-bundle-publish-1782114364286-83241.yml	referenced by a tracked or retained control, evidence, generated, or governance file
protected	retained_evidence	.octon/state/evidence/external-index/runs/publish-1782112031372-52324.yml	referenced by a tracked or retained control, evidence, generated, or governance file
protected	retained_evidence	.octon/state/evidence/external-index/runs/publish-1782112218296-12290.yml	referenced by a tracked or retained control, evidence, generated, or governance file
protected	retained_evidence	.octon/state/evidence/external-index/runs/publish-1782112239866-20952.yml	referenced by a tracked or retained control, evidence, generated, or governance file
protected	retained_evidence	.octon/state/evidence/external-index/runs/publish-1782112249435-21634.yml	referenced by a tracked or retained control, evidence, generated, or governance file
protected	retained_evidence	.octon/state/evidence/external-index/runs/publish-1782114100078-13883.yml	referenced by a tracked or retained control, evidence, generated, or governance file
protected	retained_evidence	.octon/state/evidence/external-index/runs/publish-1782114330171-73930.yml	referenced by a tracked or retained control, evidence, generated, or governance file
protected	retained_evidence	.octon/state/evidence/external-index/runs/publish-1782114354356-82583.yml	referenced by a tracked or retained control, evidence, generated, or governance file
protected	retained_evidence	.octon/state/evidence/external-index/runs/publish-1782114364286-83241.yml	referenced by a tracked or retained control, evidence, generated, or governance file
protected	active_run_state	.octon/state/evidence/runs/skills/closeout-change/lifecycle-proposal-program-operator-free-lifecycle-delivery-autonomy-hardening-20260620T132759Z-normalized-child-terminal-evidence-summary-run-packet-implementation/change-receipt.json	belongs to the active lifecycle run id supplied to the cleanup helper
protected	retained_evidence	.octon/state/evidence/runs/skills/octon-proposal-lifecycle-closeout-packet/lifecycle-proposal-program-operator-free-lifecycle-delivery-autonomy-hardening-20260620T132759Z-normalized-child-terminal-evidence-summary/lifecycle-interaction-request.json	referenced by a tracked or retained control, evidence, generated, or governance file
protected	retained_evidence	.octon/state/evidence/runs/skills/octon-proposal-lifecycle-closeout-packet/lifecycle-proposal-program-operator-free-lifecycle-delivery-autonomy-hardening-20260620T132759Z-normalized-child-terminal-evidence-summary/worktree-hygiene.yml	referenced by a tracked or retained control, evidence, generated, or governance file
protected	retained_evidence	.octon/state/evidence/runs/skills/refine-prompt/2026-06-20T11-54-33Z-operator-free-program-lifecycle-to-delivery.md	referenced by a tracked or retained control, evidence, generated, or governance file
protected	active_run_state	.octon/state/evidence/runs/skills/repo-hygiene-cleanup/lifecycle-proposal-program-operator-free-lifecycle-delivery-autonomy-hardening-20260620T132759Z/cleanup-authorization-20260620T135200Z.json	belongs to the active lifecycle run id supplied to the cleanup helper
protected	active_run_state	.octon/state/evidence/runs/skills/repo-hygiene-cleanup/lifecycle-proposal-program-operator-free-lifecycle-delivery-autonomy-hardening-20260620T132759Z/cleanup-authorization-20260620T1849Z.json	belongs to the active lifecycle run id supplied to the cleanup helper
protected	active_run_state	.octon/state/evidence/runs/skills/repo-hygiene-cleanup/lifecycle-proposal-program-operator-free-lifecycle-delivery-autonomy-hardening-20260620T132759Z/cleanup-authorization-20260620T2110Z.json	belongs to the active lifecycle run id supplied to the cleanup helper
protected	active_run_state	.octon/state/evidence/runs/skills/repo-hygiene-cleanup/lifecycle-proposal-program-operator-free-lifecycle-delivery-autonomy-hardening-20260620T132759Z/cleanup-authorization-20260621T013249Z.json	belongs to the active lifecycle run id supplied to the cleanup helper
protected	active_run_state	.octon/state/evidence/runs/skills/repo-hygiene-cleanup/lifecycle-proposal-program-operator-free-lifecycle-delivery-autonomy-hardening-20260620T132759Z/cleanup-authorization-20260621T023926Z.json	belongs to the active lifecycle run id supplied to the cleanup helper
protected	active_run_state	.octon/state/evidence/runs/skills/repo-hygiene-cleanup/lifecycle-proposal-program-operator-free-lifecycle-delivery-autonomy-hardening-20260620T132759Z/cleanup-authorization-20260621T034559Z.json	belongs to the active lifecycle run id supplied to the cleanup helper
protected	active_run_state	.octon/state/evidence/runs/skills/repo-hygiene-cleanup/lifecycle-proposal-program-operator-free-lifecycle-delivery-autonomy-hardening-20260620T132759Z/cleanup-authorization-20260621T041954Z.json	belongs to the active lifecycle run id supplied to the cleanup helper
protected	active_run_state	.octon/state/evidence/runs/skills/repo-hygiene-cleanup/lifecycle-proposal-program-operator-free-lifecycle-delivery-autonomy-hardening-20260620T132759Z/cleanup-authorization-20260621T161213Z.json	belongs to the active lifecycle run id supplied to the cleanup helper
protected	active_run_state	.octon/state/evidence/runs/skills/repo-hygiene-cleanup/lifecycle-proposal-program-operator-free-lifecycle-delivery-autonomy-hardening-20260620T132759Z/cleanup-authorization-20260621T170536Z.json	belongs to the active lifecycle run id supplied to the cleanup helper
protected	active_run_state	.octon/state/evidence/runs/skills/repo-hygiene-cleanup/lifecycle-proposal-program-operator-free-lifecycle-delivery-autonomy-hardening-20260620T132759Z/cleanup-authorization-20260621T172724Z.json	belongs to the active lifecycle run id supplied to the cleanup helper
protected	active_run_state	.octon/state/evidence/runs/skills/repo-hygiene-cleanup/lifecycle-proposal-program-operator-free-lifecycle-delivery-autonomy-hardening-20260620T132759Z/cleanup-authorization-20260621T180846Z.json	belongs to the active lifecycle run id supplied to the cleanup helper
protected	active_run_state	.octon/state/evidence/runs/skills/repo-hygiene-cleanup/lifecycle-proposal-program-operator-free-lifecycle-delivery-autonomy-hardening-20260620T132759Z/cleanup-authorization-20260621T191921Z.json	belongs to the active lifecycle run id supplied to the cleanup helper
protected	active_run_state	.octon/state/evidence/runs/skills/repo-hygiene-cleanup/lifecycle-proposal-program-operator-free-lifecycle-delivery-autonomy-hardening-20260620T132759Z/cleanup-authorization-20260621T200726Z.json	belongs to the active lifecycle run id supplied to the cleanup helper
protected	active_run_state	.octon/state/evidence/runs/skills/repo-hygiene-cleanup/lifecycle-proposal-program-operator-free-lifecycle-delivery-autonomy-hardening-20260620T132759Z/cleanup-authorization-20260621T202751Z.json	belongs to the active lifecycle run id supplied to the cleanup helper
protected	active_run_state	.octon/state/evidence/runs/skills/repo-hygiene-cleanup/lifecycle-proposal-program-operator-free-lifecycle-delivery-autonomy-hardening-20260620T132759Z/cleanup-authorization-20260621T205516Z.json	belongs to the active lifecycle run id supplied to the cleanup helper
protected	active_run_state	.octon/state/evidence/runs/skills/repo-hygiene-cleanup/lifecycle-proposal-program-operator-free-lifecycle-delivery-autonomy-hardening-20260620T132759Z/cleanup-authorization-20260621T211809Z.json	belongs to the active lifecycle run id supplied to the cleanup helper
protected	active_run_state	.octon/state/evidence/runs/skills/repo-hygiene-cleanup/lifecycle-proposal-program-operator-free-lifecycle-delivery-autonomy-hardening-20260620T132759Z/cleanup-authorization-20260621T214548Z.json	belongs to the active lifecycle run id supplied to the cleanup helper
protected	active_run_state	.octon/state/evidence/runs/skills/repo-hygiene-cleanup/lifecycle-proposal-program-operator-free-lifecycle-delivery-autonomy-hardening-20260620T132759Z/cleanup-authorization-20260621T221023Z.json	belongs to the active lifecycle run id supplied to the cleanup helper
protected	active_run_state	.octon/state/evidence/runs/skills/repo-hygiene-cleanup/lifecycle-proposal-program-operator-free-lifecycle-delivery-autonomy-hardening-20260620T132759Z/cleanup-authorization-20260621T224440Z.json	belongs to the active lifecycle run id supplied to the cleanup helper
protected	active_run_state	.octon/state/evidence/runs/skills/repo-hygiene-cleanup/lifecycle-proposal-program-operator-free-lifecycle-delivery-autonomy-hardening-20260620T132759Z/cleanup-authorization-20260621T230944Z.json	belongs to the active lifecycle run id supplied to the cleanup helper
protected	active_run_state	.octon/state/evidence/runs/skills/repo-hygiene-cleanup/lifecycle-proposal-program-operator-free-lifecycle-delivery-autonomy-hardening-20260620T132759Z/cleanup-authorization-20260622T-current-two-candidates.json	belongs to the active lifecycle run id supplied to the cleanup helper
protected	active_run_state	.octon/state/evidence/runs/skills/repo-hygiene-cleanup/lifecycle-proposal-program-operator-free-lifecycle-delivery-autonomy-hardening-20260620T132759Z/cleanup-authorization-20260622T005939Z.json	belongs to the active lifecycle run id supplied to the cleanup helper
protected	active_run_state	.octon/state/evidence/runs/skills/repo-hygiene-cleanup/lifecycle-proposal-program-operator-free-lifecycle-delivery-autonomy-hardening-20260620T132759Z/cleanup-authorization-20260622T012225Z.json	belongs to the active lifecycle run id supplied to the cleanup helper
protected	active_run_state	.octon/state/evidence/runs/skills/repo-hygiene-cleanup/lifecycle-proposal-program-operator-free-lifecycle-delivery-autonomy-hardening-20260620T132759Z/cleanup-authorization-20260622T021355Z.json	belongs to the active lifecycle run id supplied to the cleanup helper
protected	active_run_state	.octon/state/evidence/runs/skills/repo-hygiene-cleanup/lifecycle-proposal-program-operator-free-lifecycle-delivery-autonomy-hardening-20260620T132759Z/cleanup-authorization-20260622T042059Z.json	belongs to the active lifecycle run id supplied to the cleanup helper
protected	active_run_state	.octon/state/evidence/runs/skills/repo-hygiene-cleanup/lifecycle-proposal-program-operator-free-lifecycle-delivery-autonomy-hardening-20260620T132759Z/cleanup-authorization-20260622T045744Z.json	belongs to the active lifecycle run id supplied to the cleanup helper
protected	active_run_state	.octon/state/evidence/runs/skills/repo-hygiene-cleanup/lifecycle-proposal-program-operator-free-lifecycle-delivery-autonomy-hardening-20260620T132759Z/cleanup-authorization-20260622T053340Z.json	belongs to the active lifecycle run id supplied to the cleanup helper
protected	active_run_state	.octon/state/evidence/runs/skills/repo-hygiene-cleanup/lifecycle-proposal-program-operator-free-lifecycle-delivery-autonomy-hardening-20260620T132759Z/cleanup-authorization-20260622T064440Z.json	belongs to the active lifecycle run id supplied to the cleanup helper
protected	active_run_state	.octon/state/evidence/runs/skills/repo-hygiene-cleanup/lifecycle-proposal-program-operator-free-lifecycle-delivery-autonomy-hardening-20260620T132759Z/cleanup-authorization-20260622T071712Z.json	belongs to the active lifecycle run id supplied to the cleanup helper
protected	active_run_state	.octon/state/evidence/runs/skills/repo-hygiene-cleanup/lifecycle-proposal-program-operator-free-lifecycle-delivery-autonomy-hardening-20260620T132759Z/cleanup-authorization-20260622T075205Z-direct.stdout.log	belongs to the active lifecycle run id supplied to the cleanup helper
protected	active_run_state	.octon/state/evidence/runs/skills/repo-hygiene-cleanup/lifecycle-proposal-program-operator-free-lifecycle-delivery-autonomy-hardening-20260620T132759Z/cleanup-authorization-consumption-20260622T075205Z-direct.log	belongs to the active lifecycle run id supplied to the cleanup helper
protected	active_run_state	.octon/state/evidence/runs/skills/repo-hygiene-cleanup/lifecycle-proposal-program-operator-free-lifecycle-delivery-autonomy-hardening-20260620T132759Z/cleanup-authorization.json	belongs to the active lifecycle run id supplied to the cleanup helper
protected	active_run_state	.octon/state/evidence/runs/skills/repo-hygiene-cleanup/lifecycle-proposal-program-operator-free-lifecycle-delivery-autonomy-hardening-20260620T132759Z/cleanup-receipt-20260620T1852Z.yml	belongs to the active lifecycle run id supplied to the cleanup helper
protected	active_run_state	.octon/state/evidence/runs/skills/repo-hygiene-cleanup/lifecycle-proposal-program-operator-free-lifecycle-delivery-autonomy-hardening-20260620T132759Z/cleanup-receipt-20260620T2111Z.yml	belongs to the active lifecycle run id supplied to the cleanup helper
protected	active_run_state	.octon/state/evidence/runs/skills/repo-hygiene-cleanup/lifecycle-proposal-program-operator-free-lifecycle-delivery-autonomy-hardening-20260620T132759Z/cleanup-receipt-20260621T013249Z.yml	belongs to the active lifecycle run id supplied to the cleanup helper
protected	active_run_state	.octon/state/evidence/runs/skills/repo-hygiene-cleanup/lifecycle-proposal-program-operator-free-lifecycle-delivery-autonomy-hardening-20260620T132759Z/cleanup-receipt-20260621T024145Z.yml	belongs to the active lifecycle run id supplied to the cleanup helper
protected	active_run_state	.octon/state/evidence/runs/skills/repo-hygiene-cleanup/lifecycle-proposal-program-operator-free-lifecycle-delivery-autonomy-hardening-20260620T132759Z/cleanup-receipt-20260621T034731Z.yml	belongs to the active lifecycle run id supplied to the cleanup helper
protected	active_run_state	.octon/state/evidence/runs/skills/repo-hygiene-cleanup/lifecycle-proposal-program-operator-free-lifecycle-delivery-autonomy-hardening-20260620T132759Z/cleanup-receipt-20260621T153549Z.yml	belongs to the active lifecycle run id supplied to the cleanup helper
protected	active_run_state	.octon/state/evidence/runs/skills/repo-hygiene-cleanup/lifecycle-proposal-program-operator-free-lifecycle-delivery-autonomy-hardening-20260620T132759Z/cleanup-receipt-20260621T161213Z.yml	belongs to the active lifecycle run id supplied to the cleanup helper
protected	active_run_state	.octon/state/evidence/runs/skills/repo-hygiene-cleanup/lifecycle-proposal-program-operator-free-lifecycle-delivery-autonomy-hardening-20260620T132759Z/cleanup-receipt-20260621T170536Z.yml	belongs to the active lifecycle run id supplied to the cleanup helper
protected	active_run_state	.octon/state/evidence/runs/skills/repo-hygiene-cleanup/lifecycle-proposal-program-operator-free-lifecycle-delivery-autonomy-hardening-20260620T132759Z/cleanup-receipt-20260621T172724Z.yml	belongs to the active lifecycle run id supplied to the cleanup helper
protected	active_run_state	.octon/state/evidence/runs/skills/repo-hygiene-cleanup/lifecycle-proposal-program-operator-free-lifecycle-delivery-autonomy-hardening-20260620T132759Z/cleanup-receipt-20260621T180846Z.yml	belongs to the active lifecycle run id supplied to the cleanup helper
protected	active_run_state	.octon/state/evidence/runs/skills/repo-hygiene-cleanup/lifecycle-proposal-program-operator-free-lifecycle-delivery-autonomy-hardening-20260620T132759Z/cleanup-receipt-20260621T191921Z.yml	belongs to the active lifecycle run id supplied to the cleanup helper
protected	active_run_state	.octon/state/evidence/runs/skills/repo-hygiene-cleanup/lifecycle-proposal-program-operator-free-lifecycle-delivery-autonomy-hardening-20260620T132759Z/cleanup-receipt-20260621T200726Z.yml	belongs to the active lifecycle run id supplied to the cleanup helper
protected	active_run_state	.octon/state/evidence/runs/skills/repo-hygiene-cleanup/lifecycle-proposal-program-operator-free-lifecycle-delivery-autonomy-hardening-20260620T132759Z/cleanup-receipt-20260621T202751Z.yml	belongs to the active lifecycle run id supplied to the cleanup helper
protected	active_run_state	.octon/state/evidence/runs/skills/repo-hygiene-cleanup/lifecycle-proposal-program-operator-free-lifecycle-delivery-autonomy-hardening-20260620T132759Z/cleanup-receipt-20260621T205516Z.yml	belongs to the active lifecycle run id supplied to the cleanup helper
protected	active_run_state	.octon/state/evidence/runs/skills/repo-hygiene-cleanup/lifecycle-proposal-program-operator-free-lifecycle-delivery-autonomy-hardening-20260620T132759Z/cleanup-receipt-20260621T211809Z.yml	belongs to the active lifecycle run id supplied to the cleanup helper
protected	active_run_state	.octon/state/evidence/runs/skills/repo-hygiene-cleanup/lifecycle-proposal-program-operator-free-lifecycle-delivery-autonomy-hardening-20260620T132759Z/cleanup-receipt-20260621T214548Z.yml	belongs to the active lifecycle run id supplied to the cleanup helper
protected	active_run_state	.octon/state/evidence/runs/skills/repo-hygiene-cleanup/lifecycle-proposal-program-operator-free-lifecycle-delivery-autonomy-hardening-20260620T132759Z/cleanup-receipt-20260621T221023Z.yml	belongs to the active lifecycle run id supplied to the cleanup helper
protected	active_run_state	.octon/state/evidence/runs/skills/repo-hygiene-cleanup/lifecycle-proposal-program-operator-free-lifecycle-delivery-autonomy-hardening-20260620T132759Z/cleanup-receipt-20260621T224440Z.yml	belongs to the active lifecycle run id supplied to the cleanup helper
protected	active_run_state	.octon/state/evidence/runs/skills/repo-hygiene-cleanup/lifecycle-proposal-program-operator-free-lifecycle-delivery-autonomy-hardening-20260620T132759Z/cleanup-receipt-20260621T230944Z.yml	belongs to the active lifecycle run id supplied to the cleanup helper
protected	active_run_state	.octon/state/evidence/runs/skills/repo-hygiene-cleanup/lifecycle-proposal-program-operator-free-lifecycle-delivery-autonomy-hardening-20260620T132759Z/cleanup-receipt-20260622T-current-two-candidates.yml	belongs to the active lifecycle run id supplied to the cleanup helper
protected	active_run_state	.octon/state/evidence/runs/skills/repo-hygiene-cleanup/lifecycle-proposal-program-operator-free-lifecycle-delivery-autonomy-hardening-20260620T132759Z/cleanup-receipt-20260622T010127Z.yml	belongs to the active lifecycle run id supplied to the cleanup helper
protected	active_run_state	.octon/state/evidence/runs/skills/repo-hygiene-cleanup/lifecycle-proposal-program-operator-free-lifecycle-delivery-autonomy-hardening-20260620T132759Z/cleanup-receipt-20260622T012225Z.yml	belongs to the active lifecycle run id supplied to the cleanup helper
protected	active_run_state	.octon/state/evidence/runs/skills/repo-hygiene-cleanup/lifecycle-proposal-program-operator-free-lifecycle-delivery-autonomy-hardening-20260620T132759Z/cleanup-receipt-20260622T021355Z.yml	belongs to the active lifecycle run id supplied to the cleanup helper
protected	active_run_state	.octon/state/evidence/runs/skills/repo-hygiene-cleanup/lifecycle-proposal-program-operator-free-lifecycle-delivery-autonomy-hardening-20260620T132759Z/cleanup-receipt-20260622T042059Z.yml	belongs to the active lifecycle run id supplied to the cleanup helper
protected	active_run_state	.octon/state/evidence/runs/skills/repo-hygiene-cleanup/lifecycle-proposal-program-operator-free-lifecycle-delivery-autonomy-hardening-20260620T132759Z/cleanup-receipt-20260622T045744Z.yml	belongs to the active lifecycle run id supplied to the cleanup helper
protected	active_run_state	.octon/state/evidence/runs/skills/repo-hygiene-cleanup/lifecycle-proposal-program-operator-free-lifecycle-delivery-autonomy-hardening-20260620T132759Z/cleanup-receipt-20260622T053340Z.yml	belongs to the active lifecycle run id supplied to the cleanup helper
protected	active_run_state	.octon/state/evidence/runs/skills/repo-hygiene-cleanup/lifecycle-proposal-program-operator-free-lifecycle-delivery-autonomy-hardening-20260620T132759Z/cleanup-receipt-20260622T064440Z.yml	belongs to the active lifecycle run id supplied to the cleanup helper
protected	active_run_state	.octon/state/evidence/runs/skills/repo-hygiene-cleanup/lifecycle-proposal-program-operator-free-lifecycle-delivery-autonomy-hardening-20260620T132759Z/cleanup-receipt-20260622T071712Z.yml	belongs to the active lifecycle run id supplied to the cleanup helper
protected	active_run_state	.octon/state/evidence/runs/skills/repo-hygiene-cleanup/lifecycle-proposal-program-operator-free-lifecycle-delivery-autonomy-hardening-20260620T132759Z/cleanup-receipt-20260622T073007Z.yml	belongs to the active lifecycle run id supplied to the cleanup helper
protected	retained_evidence	.octon/state/evidence/validation/analysis/2026-06-20-proposal-packet-terminal-closeout-6.md	referenced by a tracked or retained control, evidence, generated, or governance file
protected	retained_evidence	.octon/state/evidence/validation/analysis/2026-06-20-proposal-packet-terminal-closeout-7.md	referenced by a tracked or retained control, evidence, generated, or governance file
protected	retained_evidence	.octon/state/evidence/validation/analysis/2026-06-20T17-51-31Z-closeout-worktree-lifecycle-proposal-program-operator-free-lifecycle-delivery-autonomy-hardening-20260620T132759Z-complete-program-blocker-vector-planner-output.yml	referenced by a tracked or retained control, evidence, generated, or governance file
protected	retained_evidence	.octon/state/evidence/validation/analysis/2026-06-20T18-52-45Z-closeout-worktree-lifecycle-proposal-program-operator-free-lifecycle-delivery-autonomy-hardening-20260620T132759Z-parent-worktree-residue.yml	referenced by a tracked or retained control, evidence, generated, or governance file
protected	retained_evidence	.octon/state/evidence/validation/analysis/2026-06-20T19-05-05Z-closeout-worktree-lifecycle-proposal-program-operator-free-lifecycle-delivery-autonomy-hardening-20260620T132759Z-complete-program-blocker-vector-planner-output.yml	referenced by a tracked or retained control, evidence, generated, or governance file
protected	retained_evidence	.octon/state/evidence/validation/analysis/2026-06-20T21-12-00Z-closeout-worktree-lifecycle-proposal-program-operator-free-lifecycle-delivery-autonomy-hardening-20260620T132759Z-parent-worktree-residue.yml	referenced by a tracked or retained control, evidence, generated, or governance file
protected	retained_evidence	.octon/state/evidence/validation/analysis/2026-06-21-proposal-packet-terminal-closeout-1.md	referenced by a tracked or retained control, evidence, generated, or governance file
protected	retained_evidence	.octon/state/evidence/validation/analysis/2026-06-21-proposal-packet-terminal-closeout-10.md	referenced by a tracked or retained control, evidence, generated, or governance file
protected	retained_evidence	.octon/state/evidence/validation/analysis/2026-06-21-proposal-packet-terminal-closeout-11.md	referenced by a tracked or retained control, evidence, generated, or governance file
protected	retained_evidence	.octon/state/evidence/validation/analysis/2026-06-21-proposal-packet-terminal-closeout-12.md	referenced by a tracked or retained control, evidence, generated, or governance file
protected	retained_evidence	.octon/state/evidence/validation/analysis/2026-06-21-proposal-packet-terminal-closeout-13.md	referenced by a tracked or retained control, evidence, generated, or governance file
protected	retained_evidence	.octon/state/evidence/validation/analysis/2026-06-21-proposal-packet-terminal-closeout-14.md	referenced by a tracked or retained control, evidence, generated, or governance file
protected	retained_evidence	.octon/state/evidence/validation/analysis/2026-06-21-proposal-packet-terminal-closeout-2.md	referenced by a tracked or retained control, evidence, generated, or governance file
protected	retained_evidence	.octon/state/evidence/validation/analysis/2026-06-21-proposal-packet-terminal-closeout-3.md	referenced by a tracked or retained control, evidence, generated, or governance file
protected	retained_evidence	.octon/state/evidence/validation/analysis/2026-06-21-proposal-packet-terminal-closeout-4.md	referenced by a tracked or retained control, evidence, generated, or governance file
protected	retained_evidence	.octon/state/evidence/validation/analysis/2026-06-21-proposal-packet-terminal-closeout-5.md	referenced by a tracked or retained control, evidence, generated, or governance file
protected	retained_evidence	.octon/state/evidence/validation/analysis/2026-06-21-proposal-packet-terminal-closeout-6.md	referenced by a tracked or retained control, evidence, generated, or governance file
protected	retained_evidence	.octon/state/evidence/validation/analysis/2026-06-21-proposal-packet-terminal-closeout-7.md	referenced by a tracked or retained control, evidence, generated, or governance file
protected	retained_evidence	.octon/state/evidence/validation/analysis/2026-06-21-proposal-packet-terminal-closeout-8.md	referenced by a tracked or retained control, evidence, generated, or governance file
protected	retained_evidence	.octon/state/evidence/validation/analysis/2026-06-21-proposal-packet-terminal-closeout-9.md	referenced by a tracked or retained control, evidence, generated, or governance file
protected	retained_evidence	.octon/state/evidence/validation/analysis/2026-06-21-proposal-packet-terminal-closeout.md	referenced by a tracked or retained control, evidence, generated, or governance file
protected	retained_evidence	.octon/state/evidence/validation/analysis/2026-06-21T01-53-22Z-closeout-worktree-lifecycle-proposal-program-operator-free-lifecycle-delivery-autonomy-hardening-20260620T132759Z-parent-worktree-residue.yml	referenced by a tracked or retained control, evidence, generated, or governance file
protected	retained_evidence	.octon/state/evidence/validation/analysis/2026-06-21T03-32-11Z-closeout-worktree-lifecycle-proposal-program-operator-free-lifecycle-delivery-autonomy-hardening-20260620T132759Z-parent-worktree-residue.yml	referenced by a tracked or retained control, evidence, generated, or governance file
protected	retained_evidence	.octon/state/evidence/validation/analysis/2026-06-21T15-38-53Z-closeout-worktree-lifecycle-proposal-program-operator-free-lifecycle-delivery-autonomy-hardening-20260620T132759Z-parent-worktree-residue.yml	referenced by a tracked or retained control, evidence, generated, or governance file
protected	retained_evidence	.octon/state/evidence/validation/analysis/2026-06-21T17-38-00Z-closeout-worktree-lifecycle-proposal-program-operator-free-lifecycle-delivery-autonomy-hardening-20260620T132759Z-parent-worktree-residue.yml	referenced by a tracked or retained control, evidence, generated, or governance file
protected	retained_evidence	.octon/state/evidence/validation/analysis/2026-06-21T20-52-00Z-closeout-worktree-lifecycle-proposal-program-operator-free-lifecycle-delivery-autonomy-hardening-20260620T132759Z-parent-worktree-residue.yml	referenced by a tracked or retained control, evidence, generated, or governance file
protected	retained_evidence	.octon/state/evidence/validation/analysis/2026-06-21T21-42-00Z-closeout-worktree-lifecycle-proposal-program-operator-free-lifecycle-delivery-autonomy-hardening-20260620T132759Z-parent-worktree-residue.yml	referenced by a tracked or retained control, evidence, generated, or governance file
protected	retained_evidence	.octon/state/evidence/validation/analysis/2026-06-21T22-03-00Z-closeout-worktree-lifecycle-proposal-program-operator-free-lifecycle-delivery-autonomy-hardening-20260620T132759Z-parent-worktree-residue.yml	referenced by a tracked or retained control, evidence, generated, or governance file
protected	retained_evidence	.octon/state/evidence/validation/analysis/2026-06-21T23-35-00Z-closeout-worktree-lifecycle-proposal-program-operator-free-lifecycle-delivery-autonomy-hardening-20260620T132759Z-complete-program-blocker-vector-planner-output-archive-proposal.yml	referenced by a tracked or retained control, evidence, generated, or governance file
protected	retained_evidence	.octon/state/evidence/validation/analysis/2026-06-21T23-45-00Z-closeout-worktree-lifecycle-proposal-program-operator-free-lifecycle-delivery-autonomy-hardening-20260620T132759Z-complete-program-blocker-vector-planner-output-archive-proposal.yml	referenced by a tracked or retained control, evidence, generated, or governance file
protected	retained_evidence	.octon/state/evidence/validation/analysis/2026-06-22-archive-proposal.md	referenced by a tracked or retained control, evidence, generated, or governance file
protected	retained_evidence	.octon/state/evidence/validation/analysis/2026-06-22-promote-proposal.md	referenced by a tracked or retained control, evidence, generated, or governance file
protected	retained_evidence	.octon/state/evidence/validation/analysis/2026-06-22T00-06-00Z-closeout-worktree-lifecycle-proposal-program-operator-free-lifecycle-delivery-autonomy-hardening-20260620T132759Z-complete-program-blocker-vector-planner-output-archive-proposal.yml	referenced by a tracked or retained control, evidence, generated, or governance file
protected	retained_evidence	.octon/state/evidence/validation/analysis/2026-06-22T00-12-00Z-closeout-worktree-lifecycle-proposal-program-operator-free-lifecycle-delivery-autonomy-hardening-20260620T132759Z-parent-worktree-residue.yml	referenced by a tracked or retained control, evidence, generated, or governance file
protected	retained_evidence	.octon/state/evidence/validation/analysis/2026-06-22T00-31-21Z-closeout-worktree-lifecycle-proposal-program-operator-free-lifecycle-delivery-autonomy-hardening-20260620T132759Z-complete-program-blocker-vector-planner-output-archive-proposal.yml	referenced by a tracked or retained control, evidence, generated, or governance file
protected	retained_evidence	.octon/state/evidence/validation/analysis/2026-06-22T00-32-01Z-closeout-worktree-lifecycle-proposal-program-operator-free-lifecycle-delivery-autonomy-hardening-20260620T132759Z-parent-worktree-residue.yml	referenced by a tracked or retained control, evidence, generated, or governance file
protected	retained_evidence	.octon/state/evidence/validation/analysis/2026-06-22T01-31-17Z-closeout-worktree-lifecycle-proposal-program-operator-free-lifecycle-delivery-autonomy-hardening-20260620T132759Z-complete-program-blocker-vector-planner-output-closeout-packet.yml	referenced by a tracked or retained control, evidence, generated, or governance file
protected	retained_evidence	.octon/state/evidence/validation/analysis/2026-06-22T04-04-40Z-closeout-worktree-lifecycle-proposal-program-operator-free-lifecycle-delivery-autonomy-hardening-20260620T132759Z-lifecycle-validator-runtime-resolver-closeout-packet.yml	referenced by a tracked or retained control, evidence, generated, or governance file
protected	retained_evidence	.octon/state/evidence/validation/analysis/2026-06-22T05-27-49Z-closeout-worktree-lifecycle-proposal-program-operator-free-lifecycle-delivery-autonomy-hardening-20260620T132759Z-targeted-proposal-freshness-checks-promote-proposal.yml	referenced by a tracked or retained control, evidence, generated, or governance file
protected	retained_evidence	.octon/state/evidence/validation/analysis/2026-06-22T05-58-09Z-closeout-worktree-lifecycle-proposal-program-operator-free-lifecycle-delivery-autonomy-hardening-20260620T132759Z-lifecycle-validator-runtime-resolver-closeout-packet.yml	referenced by a tracked or retained control, evidence, generated, or governance file
protected	retained_evidence	.octon/state/evidence/validation/analysis/2026-06-22T06-20-19Z-closeout-worktree-lifecycle-proposal-program-operator-free-lifecycle-delivery-autonomy-hardening-20260620T132759Z-normalized-child-terminal-evidence-summary-closeout-packet.yml	referenced by a tracked or retained control, evidence, generated, or governance file
protected	retained_evidence	.octon/state/evidence/validation/analysis/2026-06-22T06-37-06Z-closeout-worktree-lifecycle-proposal-program-operator-free-lifecycle-delivery-autonomy-hardening-20260620T132759Z-normalized-child-terminal-evidence-summary-route-local-closeout-packet.yml	referenced by a tracked or retained control, evidence, generated, or governance file
protected	retained_evidence	.octon/state/evidence/validation/compatibility/extensions/2026-06-22T04-48-36Z-extensions-e539e7c8b239.yml	referenced by a tracked or retained control, evidence, generated, or governance file
cleanup_candidate	stale_unreferenced_publication_attempt	.octon/state/evidence/validation/compatibility/extensions/2026-06-22T07-07-14Z-extensions-e539e7c8b239.yml	unreferenced superseded publication receipt
protected	retained_evidence	.octon/state/evidence/validation/compatibility/extensions/2026-06-22T07-41-43Z-extensions-e539e7c8b239.yml	referenced by a tracked or retained control, evidence, generated, or governance file
protected	retained_evidence	.octon/state/evidence/validation/extensions/prompt-alignment/2026-06-22T04-48-36Z-octon-concept-integration-octon-concept-integration-architecture-revision-packet.yml	referenced by a tracked or retained control, evidence, generated, or governance file
protected	retained_evidence	.octon/state/evidence/validation/extensions/prompt-alignment/2026-06-22T04-48-36Z-octon-concept-integration-octon-concept-integration-constitutional-challenge-packet.yml	referenced by a tracked or retained control, evidence, generated, or governance file
protected	retained_evidence	.octon/state/evidence/validation/extensions/prompt-alignment/2026-06-22T04-48-36Z-octon-concept-integration-octon-concept-integration-multi-source-synthesis-packet.yml	referenced by a tracked or retained control, evidence, generated, or governance file
protected	retained_evidence	.octon/state/evidence/validation/extensions/prompt-alignment/2026-06-22T04-48-36Z-octon-concept-integration-octon-concept-integration-packet-refresh-and-supersession.yml	referenced by a tracked or retained control, evidence, generated, or governance file
protected	retained_evidence	.octon/state/evidence/validation/extensions/prompt-alignment/2026-06-22T04-48-36Z-octon-concept-integration-octon-concept-integration-packet-to-implementation.yml	referenced by a tracked or retained control, evidence, generated, or governance file
protected	retained_evidence	.octon/state/evidence/validation/extensions/prompt-alignment/2026-06-22T04-48-36Z-octon-concept-integration-octon-concept-integration-repo-internal-concept-mining.yml	referenced by a tracked or retained control, evidence, generated, or governance file
protected	retained_evidence	.octon/state/evidence/validation/extensions/prompt-alignment/2026-06-22T04-48-36Z-octon-concept-integration-octon-concept-integration-source-to-architecture-packet.yml	referenced by a tracked or retained control, evidence, generated, or governance file
protected	retained_evidence	.octon/state/evidence/validation/extensions/prompt-alignment/2026-06-22T04-48-36Z-octon-concept-integration-octon-concept-integration-source-to-migration-packet.yml	referenced by a tracked or retained control, evidence, generated, or governance file
protected	retained_evidence	.octon/state/evidence/validation/extensions/prompt-alignment/2026-06-22T04-48-36Z-octon-concept-integration-octon-concept-integration-source-to-policy-packet.yml	referenced by a tracked or retained control, evidence, generated, or governance file
protected	retained_evidence	.octon/state/evidence/validation/extensions/prompt-alignment/2026-06-22T04-48-36Z-octon-concept-integration-octon-concept-integration-subsystem-targeted-integration.yml	referenced by a tracked or retained control, evidence, generated, or governance file
protected	retained_evidence	.octon/state/evidence/validation/extensions/prompt-alignment/2026-06-22T04-48-36Z-octon-decision-drafter-octon-decision-drafter-adr-update.yml	referenced by a tracked or retained control, evidence, generated, or governance file
protected	retained_evidence	.octon/state/evidence/validation/extensions/prompt-alignment/2026-06-22T04-48-36Z-octon-decision-drafter-octon-decision-drafter-change-receipt.yml	referenced by a tracked or retained control, evidence, generated, or governance file
protected	retained_evidence	.octon/state/evidence/validation/extensions/prompt-alignment/2026-06-22T04-48-36Z-octon-decision-drafter-octon-decision-drafter-migration-rationale.yml	referenced by a tracked or retained control, evidence, generated, or governance file
protected	retained_evidence	.octon/state/evidence/validation/extensions/prompt-alignment/2026-06-22T04-48-36Z-octon-decision-drafter-octon-decision-drafter-rollback-notes.yml	referenced by a tracked or retained control, evidence, generated, or governance file
protected	retained_evidence	.octon/state/evidence/validation/extensions/prompt-alignment/2026-06-22T04-48-36Z-octon-drift-triage-octon-drift-triage-remediation-packet.yml	referenced by a tracked or retained control, evidence, generated, or governance file
protected	retained_evidence	.octon/state/evidence/validation/extensions/prompt-alignment/2026-06-22T04-48-36Z-octon-impact-map-and-validation-selector-octon-impact-map-and-validation-selector-mixed-input-reconciliation.yml	referenced by a tracked or retained control, evidence, generated, or governance file
protected	retained_evidence	.octon/state/evidence/validation/extensions/prompt-alignment/2026-06-22T04-48-36Z-octon-impact-map-and-validation-selector-octon-impact-map-and-validation-selector-proposal-packet-impact-map.yml	referenced by a tracked or retained control, evidence, generated, or governance file
protected	retained_evidence	.octon/state/evidence/validation/extensions/prompt-alignment/2026-06-22T04-48-36Z-octon-impact-map-and-validation-selector-octon-impact-map-and-validation-selector-refactor-target-impact-map.yml	referenced by a tracked or retained control, evidence, generated, or governance file
protected	retained_evidence	.octon/state/evidence/validation/extensions/prompt-alignment/2026-06-22T04-48-36Z-octon-impact-map-and-validation-selector-octon-impact-map-and-validation-selector-touched-paths-impact-map.yml	referenced by a tracked or retained control, evidence, generated, or governance file
protected	retained_evidence	.octon/state/evidence/validation/extensions/prompt-alignment/2026-06-22T04-48-36Z-octon-proposal-lifecycle-octon-proposal-lifecycle-cleanup-lifecycle-residue.yml	referenced by a tracked or retained control, evidence, generated, or governance file
protected	retained_evidence	.octon/state/evidence/validation/extensions/prompt-alignment/2026-06-22T04-48-36Z-octon-proposal-lifecycle-octon-proposal-lifecycle-closeout-packet.yml	referenced by a tracked or retained control, evidence, generated, or governance file
protected	retained_evidence	.octon/state/evidence/validation/extensions/prompt-alignment/2026-06-22T04-48-36Z-octon-proposal-lifecycle-octon-proposal-lifecycle-closeout-program.yml	referenced by a tracked or retained control, evidence, generated, or governance file
protected	retained_evidence	.octon/state/evidence/validation/extensions/prompt-alignment/2026-06-22T04-48-36Z-octon-proposal-lifecycle-octon-proposal-lifecycle-create-packet.yml	referenced by a tracked or retained control, evidence, generated, or governance file
protected	retained_evidence	.octon/state/evidence/validation/extensions/prompt-alignment/2026-06-22T04-48-36Z-octon-proposal-lifecycle-octon-proposal-lifecycle-create-program.yml	referenced by a tracked or retained control, evidence, generated, or governance file
protected	retained_evidence	.octon/state/evidence/validation/extensions/prompt-alignment/2026-06-22T04-48-36Z-octon-proposal-lifecycle-octon-proposal-lifecycle-explain-packet.yml	referenced by a tracked or retained control, evidence, generated, or governance file
protected	retained_evidence	.octon/state/evidence/validation/extensions/prompt-alignment/2026-06-22T04-48-36Z-octon-proposal-lifecycle-octon-proposal-lifecycle-explain-program.yml	referenced by a tracked or retained control, evidence, generated, or governance file
protected	retained_evidence	.octon/state/evidence/validation/extensions/prompt-alignment/2026-06-22T04-48-36Z-octon-proposal-lifecycle-octon-proposal-lifecycle-generate-packet-closeout-prompt.yml	referenced by a tracked or retained control, evidence, generated, or governance file
protected	retained_evidence	.octon/state/evidence/validation/extensions/prompt-alignment/2026-06-22T04-48-36Z-octon-proposal-lifecycle-octon-proposal-lifecycle-generate-packet-correction-prompt.yml	referenced by a tracked or retained control, evidence, generated, or governance file
protected	retained_evidence	.octon/state/evidence/validation/extensions/prompt-alignment/2026-06-22T04-48-36Z-octon-proposal-lifecycle-octon-proposal-lifecycle-generate-packet-implementation-prompt.yml	referenced by a tracked or retained control, evidence, generated, or governance file
protected	retained_evidence	.octon/state/evidence/validation/extensions/prompt-alignment/2026-06-22T04-48-36Z-octon-proposal-lifecycle-octon-proposal-lifecycle-generate-packet-verification-prompt.yml	referenced by a tracked or retained control, evidence, generated, or governance file
protected	retained_evidence	.octon/state/evidence/validation/extensions/prompt-alignment/2026-06-22T04-48-36Z-octon-proposal-lifecycle-octon-proposal-lifecycle-generate-program-closeout-prompt.yml	referenced by a tracked or retained control, evidence, generated, or governance file
protected	retained_evidence	.octon/state/evidence/validation/extensions/prompt-alignment/2026-06-22T04-48-36Z-octon-proposal-lifecycle-octon-proposal-lifecycle-generate-program-correction-prompt.yml	referenced by a tracked or retained control, evidence, generated, or governance file
protected	retained_evidence	.octon/state/evidence/validation/extensions/prompt-alignment/2026-06-22T04-48-36Z-octon-proposal-lifecycle-octon-proposal-lifecycle-generate-program-implementation-orchestration-prompt.yml	referenced by a tracked or retained control, evidence, generated, or governance file
protected	retained_evidence	.octon/state/evidence/validation/extensions/prompt-alignment/2026-06-22T04-48-36Z-octon-proposal-lifecycle-octon-proposal-lifecycle-generate-program-verification-prompt.yml	referenced by a tracked or retained control, evidence, generated, or governance file
protected	retained_evidence	.octon/state/evidence/validation/extensions/prompt-alignment/2026-06-22T04-48-36Z-octon-proposal-lifecycle-octon-proposal-lifecycle-review-packet.yml	referenced by a tracked or retained control, evidence, generated, or governance file
protected	retained_evidence	.octon/state/evidence/validation/extensions/prompt-alignment/2026-06-22T04-48-36Z-octon-proposal-lifecycle-octon-proposal-lifecycle-review-program.yml	referenced by a tracked or retained control, evidence, generated, or governance file
protected	retained_evidence	.octon/state/evidence/validation/extensions/prompt-alignment/2026-06-22T04-48-36Z-octon-proposal-lifecycle-octon-proposal-lifecycle-revise-packet.yml	referenced by a tracked or retained control, evidence, generated, or governance file
protected	retained_evidence	.octon/state/evidence/validation/extensions/prompt-alignment/2026-06-22T04-48-36Z-octon-proposal-lifecycle-octon-proposal-lifecycle-revise-program.yml	referenced by a tracked or retained control, evidence, generated, or governance file
protected	retained_evidence	.octon/state/evidence/validation/extensions/prompt-alignment/2026-06-22T04-48-36Z-octon-proposal-lifecycle-octon-proposal-lifecycle-run-packet-implementation.yml	referenced by a tracked or retained control, evidence, generated, or governance file
protected	retained_evidence	.octon/state/evidence/validation/extensions/prompt-alignment/2026-06-22T04-48-36Z-octon-proposal-lifecycle-octon-proposal-lifecycle-run-packet-verification-and-correction-loop.yml	referenced by a tracked or retained control, evidence, generated, or governance file
protected	retained_evidence	.octon/state/evidence/validation/extensions/prompt-alignment/2026-06-22T04-48-36Z-octon-proposal-lifecycle-octon-proposal-lifecycle-run-program-verification-and-correction-loop.yml	referenced by a tracked or retained control, evidence, generated, or governance file
cleanup_candidate	stale_unreferenced_publication_attempt	.octon/state/evidence/validation/extensions/prompt-alignment/2026-06-22T07-07-14Z-octon-concept-integration-octon-concept-integration-architecture-revision-packet.yml	unreferenced superseded publication receipt
cleanup_candidate	stale_unreferenced_publication_attempt	.octon/state/evidence/validation/extensions/prompt-alignment/2026-06-22T07-07-14Z-octon-concept-integration-octon-concept-integration-constitutional-challenge-packet.yml	unreferenced superseded publication receipt
cleanup_candidate	stale_unreferenced_publication_attempt	.octon/state/evidence/validation/extensions/prompt-alignment/2026-06-22T07-07-14Z-octon-concept-integration-octon-concept-integration-multi-source-synthesis-packet.yml	unreferenced superseded publication receipt
cleanup_candidate	stale_unreferenced_publication_attempt	.octon/state/evidence/validation/extensions/prompt-alignment/2026-06-22T07-07-14Z-octon-concept-integration-octon-concept-integration-packet-refresh-and-supersession.yml	unreferenced superseded publication receipt
cleanup_candidate	stale_unreferenced_publication_attempt	.octon/state/evidence/validation/extensions/prompt-alignment/2026-06-22T07-07-14Z-octon-concept-integration-octon-concept-integration-packet-to-implementation.yml	unreferenced superseded publication receipt
cleanup_candidate	stale_unreferenced_publication_attempt	.octon/state/evidence/validation/extensions/prompt-alignment/2026-06-22T07-07-14Z-octon-concept-integration-octon-concept-integration-repo-internal-concept-mining.yml	unreferenced superseded publication receipt
cleanup_candidate	stale_unreferenced_publication_attempt	.octon/state/evidence/validation/extensions/prompt-alignment/2026-06-22T07-07-14Z-octon-concept-integration-octon-concept-integration-source-to-architecture-packet.yml	unreferenced superseded publication receipt
cleanup_candidate	stale_unreferenced_publication_attempt	.octon/state/evidence/validation/extensions/prompt-alignment/2026-06-22T07-07-14Z-octon-concept-integration-octon-concept-integration-source-to-migration-packet.yml	unreferenced superseded publication receipt
cleanup_candidate	stale_unreferenced_publication_attempt	.octon/state/evidence/validation/extensions/prompt-alignment/2026-06-22T07-07-14Z-octon-concept-integration-octon-concept-integration-source-to-policy-packet.yml	unreferenced superseded publication receipt
cleanup_candidate	stale_unreferenced_publication_attempt	.octon/state/evidence/validation/extensions/prompt-alignment/2026-06-22T07-07-14Z-octon-concept-integration-octon-concept-integration-subsystem-targeted-integration.yml	unreferenced superseded publication receipt
cleanup_candidate	stale_unreferenced_publication_attempt	.octon/state/evidence/validation/extensions/prompt-alignment/2026-06-22T07-07-14Z-octon-decision-drafter-octon-decision-drafter-adr-update.yml	unreferenced superseded publication receipt
cleanup_candidate	stale_unreferenced_publication_attempt	.octon/state/evidence/validation/extensions/prompt-alignment/2026-06-22T07-07-14Z-octon-decision-drafter-octon-decision-drafter-change-receipt.yml	unreferenced superseded publication receipt
cleanup_candidate	stale_unreferenced_publication_attempt	.octon/state/evidence/validation/extensions/prompt-alignment/2026-06-22T07-07-14Z-octon-decision-drafter-octon-decision-drafter-migration-rationale.yml	unreferenced superseded publication receipt
cleanup_candidate	stale_unreferenced_publication_attempt	.octon/state/evidence/validation/extensions/prompt-alignment/2026-06-22T07-07-14Z-octon-decision-drafter-octon-decision-drafter-rollback-notes.yml	unreferenced superseded publication receipt
cleanup_candidate	stale_unreferenced_publication_attempt	.octon/state/evidence/validation/extensions/prompt-alignment/2026-06-22T07-07-14Z-octon-drift-triage-octon-drift-triage-remediation-packet.yml	unreferenced superseded publication receipt
cleanup_candidate	stale_unreferenced_publication_attempt	.octon/state/evidence/validation/extensions/prompt-alignment/2026-06-22T07-07-14Z-octon-impact-map-and-validation-selector-octon-impact-map-and-validation-selector-mixed-input-reconciliation.yml	unreferenced superseded publication receipt
cleanup_candidate	stale_unreferenced_publication_attempt	.octon/state/evidence/validation/extensions/prompt-alignment/2026-06-22T07-07-14Z-octon-impact-map-and-validation-selector-octon-impact-map-and-validation-selector-proposal-packet-impact-map.yml	unreferenced superseded publication receipt
cleanup_candidate	stale_unreferenced_publication_attempt	.octon/state/evidence/validation/extensions/prompt-alignment/2026-06-22T07-07-14Z-octon-impact-map-and-validation-selector-octon-impact-map-and-validation-selector-refactor-target-impact-map.yml	unreferenced superseded publication receipt
cleanup_candidate	stale_unreferenced_publication_attempt	.octon/state/evidence/validation/extensions/prompt-alignment/2026-06-22T07-07-14Z-octon-impact-map-and-validation-selector-octon-impact-map-and-validation-selector-touched-paths-impact-map.yml	unreferenced superseded publication receipt
protected	retained_evidence	.octon/state/evidence/validation/extensions/prompt-alignment/2026-06-22T07-07-14Z-octon-proposal-lifecycle-octon-proposal-lifecycle-cleanup-lifecycle-residue.yml	referenced by a tracked or retained control, evidence, generated, or governance file
cleanup_candidate	stale_unreferenced_publication_attempt	.octon/state/evidence/validation/extensions/prompt-alignment/2026-06-22T07-07-14Z-octon-proposal-lifecycle-octon-proposal-lifecycle-closeout-packet.yml	unreferenced superseded publication receipt
cleanup_candidate	stale_unreferenced_publication_attempt	.octon/state/evidence/validation/extensions/prompt-alignment/2026-06-22T07-07-14Z-octon-proposal-lifecycle-octon-proposal-lifecycle-closeout-program.yml	unreferenced superseded publication receipt
cleanup_candidate	stale_unreferenced_publication_attempt	.octon/state/evidence/validation/extensions/prompt-alignment/2026-06-22T07-07-14Z-octon-proposal-lifecycle-octon-proposal-lifecycle-create-packet.yml	unreferenced superseded publication receipt
cleanup_candidate	stale_unreferenced_publication_attempt	.octon/state/evidence/validation/extensions/prompt-alignment/2026-06-22T07-07-14Z-octon-proposal-lifecycle-octon-proposal-lifecycle-create-program.yml	unreferenced superseded publication receipt
cleanup_candidate	stale_unreferenced_publication_attempt	.octon/state/evidence/validation/extensions/prompt-alignment/2026-06-22T07-07-14Z-octon-proposal-lifecycle-octon-proposal-lifecycle-explain-packet.yml	unreferenced superseded publication receipt
cleanup_candidate	stale_unreferenced_publication_attempt	.octon/state/evidence/validation/extensions/prompt-alignment/2026-06-22T07-07-14Z-octon-proposal-lifecycle-octon-proposal-lifecycle-explain-program.yml	unreferenced superseded publication receipt
cleanup_candidate	stale_unreferenced_publication_attempt	.octon/state/evidence/validation/extensions/prompt-alignment/2026-06-22T07-07-14Z-octon-proposal-lifecycle-octon-proposal-lifecycle-generate-packet-closeout-prompt.yml	unreferenced superseded publication receipt
cleanup_candidate	stale_unreferenced_publication_attempt	.octon/state/evidence/validation/extensions/prompt-alignment/2026-06-22T07-07-14Z-octon-proposal-lifecycle-octon-proposal-lifecycle-generate-packet-correction-prompt.yml	unreferenced superseded publication receipt
cleanup_candidate	stale_unreferenced_publication_attempt	.octon/state/evidence/validation/extensions/prompt-alignment/2026-06-22T07-07-14Z-octon-proposal-lifecycle-octon-proposal-lifecycle-generate-packet-implementation-prompt.yml	unreferenced superseded publication receipt
cleanup_candidate	stale_unreferenced_publication_attempt	.octon/state/evidence/validation/extensions/prompt-alignment/2026-06-22T07-07-14Z-octon-proposal-lifecycle-octon-proposal-lifecycle-generate-packet-verification-prompt.yml	unreferenced superseded publication receipt
cleanup_candidate	stale_unreferenced_publication_attempt	.octon/state/evidence/validation/extensions/prompt-alignment/2026-06-22T07-07-14Z-octon-proposal-lifecycle-octon-proposal-lifecycle-generate-program-closeout-prompt.yml	unreferenced superseded publication receipt
cleanup_candidate	stale_unreferenced_publication_attempt	.octon/state/evidence/validation/extensions/prompt-alignment/2026-06-22T07-07-14Z-octon-proposal-lifecycle-octon-proposal-lifecycle-generate-program-correction-prompt.yml	unreferenced superseded publication receipt
cleanup_candidate	stale_unreferenced_publication_attempt	.octon/state/evidence/validation/extensions/prompt-alignment/2026-06-22T07-07-14Z-octon-proposal-lifecycle-octon-proposal-lifecycle-generate-program-implementation-orchestration-prompt.yml	unreferenced superseded publication receipt
cleanup_candidate	stale_unreferenced_publication_attempt	.octon/state/evidence/validation/extensions/prompt-alignment/2026-06-22T07-07-14Z-octon-proposal-lifecycle-octon-proposal-lifecycle-generate-program-verification-prompt.yml	unreferenced superseded publication receipt
cleanup_candidate	stale_unreferenced_publication_attempt	.octon/state/evidence/validation/extensions/prompt-alignment/2026-06-22T07-07-14Z-octon-proposal-lifecycle-octon-proposal-lifecycle-review-packet.yml	unreferenced superseded publication receipt
cleanup_candidate	stale_unreferenced_publication_attempt	.octon/state/evidence/validation/extensions/prompt-alignment/2026-06-22T07-07-14Z-octon-proposal-lifecycle-octon-proposal-lifecycle-review-program.yml	unreferenced superseded publication receipt
cleanup_candidate	stale_unreferenced_publication_attempt	.octon/state/evidence/validation/extensions/prompt-alignment/2026-06-22T07-07-14Z-octon-proposal-lifecycle-octon-proposal-lifecycle-revise-packet.yml	unreferenced superseded publication receipt
cleanup_candidate	stale_unreferenced_publication_attempt	.octon/state/evidence/validation/extensions/prompt-alignment/2026-06-22T07-07-14Z-octon-proposal-lifecycle-octon-proposal-lifecycle-revise-program.yml	unreferenced superseded publication receipt
cleanup_candidate	stale_unreferenced_publication_attempt	.octon/state/evidence/validation/extensions/prompt-alignment/2026-06-22T07-07-14Z-octon-proposal-lifecycle-octon-proposal-lifecycle-run-packet-implementation.yml	unreferenced superseded publication receipt
cleanup_candidate	stale_unreferenced_publication_attempt	.octon/state/evidence/validation/extensions/prompt-alignment/2026-06-22T07-07-14Z-octon-proposal-lifecycle-octon-proposal-lifecycle-run-packet-verification-and-correction-loop.yml	unreferenced superseded publication receipt
cleanup_candidate	stale_unreferenced_publication_attempt	.octon/state/evidence/validation/extensions/prompt-alignment/2026-06-22T07-07-14Z-octon-proposal-lifecycle-octon-proposal-lifecycle-run-program-verification-and-correction-loop.yml	unreferenced superseded publication receipt
protected	retained_evidence	.octon/state/evidence/validation/extensions/prompt-alignment/2026-06-22T07-41-43Z-octon-concept-integration-octon-concept-integration-architecture-revision-packet.yml	referenced by a tracked or retained control, evidence, generated, or governance file
protected	retained_evidence	.octon/state/evidence/validation/extensions/prompt-alignment/2026-06-22T07-41-43Z-octon-concept-integration-octon-concept-integration-constitutional-challenge-packet.yml	referenced by a tracked or retained control, evidence, generated, or governance file
protected	retained_evidence	.octon/state/evidence/validation/extensions/prompt-alignment/2026-06-22T07-41-43Z-octon-concept-integration-octon-concept-integration-multi-source-synthesis-packet.yml	referenced by a tracked or retained control, evidence, generated, or governance file
protected	retained_evidence	.octon/state/evidence/validation/extensions/prompt-alignment/2026-06-22T07-41-43Z-octon-concept-integration-octon-concept-integration-packet-refresh-and-supersession.yml	referenced by a tracked or retained control, evidence, generated, or governance file
protected	retained_evidence	.octon/state/evidence/validation/extensions/prompt-alignment/2026-06-22T07-41-43Z-octon-concept-integration-octon-concept-integration-packet-to-implementation.yml	referenced by a tracked or retained control, evidence, generated, or governance file
protected	retained_evidence	.octon/state/evidence/validation/extensions/prompt-alignment/2026-06-22T07-41-43Z-octon-concept-integration-octon-concept-integration-repo-internal-concept-mining.yml	referenced by a tracked or retained control, evidence, generated, or governance file
protected	retained_evidence	.octon/state/evidence/validation/extensions/prompt-alignment/2026-06-22T07-41-43Z-octon-concept-integration-octon-concept-integration-source-to-architecture-packet.yml	referenced by a tracked or retained control, evidence, generated, or governance file
protected	retained_evidence	.octon/state/evidence/validation/extensions/prompt-alignment/2026-06-22T07-41-43Z-octon-concept-integration-octon-concept-integration-source-to-migration-packet.yml	referenced by a tracked or retained control, evidence, generated, or governance file
protected	retained_evidence	.octon/state/evidence/validation/extensions/prompt-alignment/2026-06-22T07-41-43Z-octon-concept-integration-octon-concept-integration-source-to-policy-packet.yml	referenced by a tracked or retained control, evidence, generated, or governance file
protected	retained_evidence	.octon/state/evidence/validation/extensions/prompt-alignment/2026-06-22T07-41-43Z-octon-concept-integration-octon-concept-integration-subsystem-targeted-integration.yml	referenced by a tracked or retained control, evidence, generated, or governance file
protected	retained_evidence	.octon/state/evidence/validation/extensions/prompt-alignment/2026-06-22T07-41-43Z-octon-decision-drafter-octon-decision-drafter-adr-update.yml	referenced by a tracked or retained control, evidence, generated, or governance file
protected	retained_evidence	.octon/state/evidence/validation/extensions/prompt-alignment/2026-06-22T07-41-43Z-octon-decision-drafter-octon-decision-drafter-change-receipt.yml	referenced by a tracked or retained control, evidence, generated, or governance file
protected	retained_evidence	.octon/state/evidence/validation/extensions/prompt-alignment/2026-06-22T07-41-43Z-octon-decision-drafter-octon-decision-drafter-migration-rationale.yml	referenced by a tracked or retained control, evidence, generated, or governance file
protected	retained_evidence	.octon/state/evidence/validation/extensions/prompt-alignment/2026-06-22T07-41-43Z-octon-decision-drafter-octon-decision-drafter-rollback-notes.yml	referenced by a tracked or retained control, evidence, generated, or governance file
protected	retained_evidence	.octon/state/evidence/validation/extensions/prompt-alignment/2026-06-22T07-41-43Z-octon-drift-triage-octon-drift-triage-remediation-packet.yml	referenced by a tracked or retained control, evidence, generated, or governance file
protected	retained_evidence	.octon/state/evidence/validation/extensions/prompt-alignment/2026-06-22T07-41-43Z-octon-impact-map-and-validation-selector-octon-impact-map-and-validation-selector-mixed-input-reconciliation.yml	referenced by a tracked or retained control, evidence, generated, or governance file
protected	retained_evidence	.octon/state/evidence/validation/extensions/prompt-alignment/2026-06-22T07-41-43Z-octon-impact-map-and-validation-selector-octon-impact-map-and-validation-selector-proposal-packet-impact-map.yml	referenced by a tracked or retained control, evidence, generated, or governance file
protected	retained_evidence	.octon/state/evidence/validation/extensions/prompt-alignment/2026-06-22T07-41-43Z-octon-impact-map-and-validation-selector-octon-impact-map-and-validation-selector-refactor-target-impact-map.yml	referenced by a tracked or retained control, evidence, generated, or governance file
protected	retained_evidence	.octon/state/evidence/validation/extensions/prompt-alignment/2026-06-22T07-41-43Z-octon-impact-map-and-validation-selector-octon-impact-map-and-validation-selector-touched-paths-impact-map.yml	referenced by a tracked or retained control, evidence, generated, or governance file
protected	retained_evidence	.octon/state/evidence/validation/extensions/prompt-alignment/2026-06-22T07-41-43Z-octon-proposal-lifecycle-octon-proposal-lifecycle-cleanup-lifecycle-residue.yml	referenced by a tracked or retained control, evidence, generated, or governance file
protected	retained_evidence	.octon/state/evidence/validation/extensions/prompt-alignment/2026-06-22T07-41-43Z-octon-proposal-lifecycle-octon-proposal-lifecycle-closeout-packet.yml	referenced by a tracked or retained control, evidence, generated, or governance file
protected	retained_evidence	.octon/state/evidence/validation/extensions/prompt-alignment/2026-06-22T07-41-43Z-octon-proposal-lifecycle-octon-proposal-lifecycle-closeout-program.yml	referenced by a tracked or retained control, evidence, generated, or governance file
protected	retained_evidence	.octon/state/evidence/validation/extensions/prompt-alignment/2026-06-22T07-41-43Z-octon-proposal-lifecycle-octon-proposal-lifecycle-create-packet.yml	referenced by a tracked or retained control, evidence, generated, or governance file
protected	retained_evidence	.octon/state/evidence/validation/extensions/prompt-alignment/2026-06-22T07-41-43Z-octon-proposal-lifecycle-octon-proposal-lifecycle-create-program.yml	referenced by a tracked or retained control, evidence, generated, or governance file
protected	retained_evidence	.octon/state/evidence/validation/extensions/prompt-alignment/2026-06-22T07-41-43Z-octon-proposal-lifecycle-octon-proposal-lifecycle-explain-packet.yml	referenced by a tracked or retained control, evidence, generated, or governance file
protected	retained_evidence	.octon/state/evidence/validation/extensions/prompt-alignment/2026-06-22T07-41-43Z-octon-proposal-lifecycle-octon-proposal-lifecycle-explain-program.yml	referenced by a tracked or retained control, evidence, generated, or governance file
protected	retained_evidence	.octon/state/evidence/validation/extensions/prompt-alignment/2026-06-22T07-41-43Z-octon-proposal-lifecycle-octon-proposal-lifecycle-generate-packet-closeout-prompt.yml	referenced by a tracked or retained control, evidence, generated, or governance file
protected	retained_evidence	.octon/state/evidence/validation/extensions/prompt-alignment/2026-06-22T07-41-43Z-octon-proposal-lifecycle-octon-proposal-lifecycle-generate-packet-correction-prompt.yml	referenced by a tracked or retained control, evidence, generated, or governance file
protected	retained_evidence	.octon/state/evidence/validation/extensions/prompt-alignment/2026-06-22T07-41-43Z-octon-proposal-lifecycle-octon-proposal-lifecycle-generate-packet-implementation-prompt.yml	referenced by a tracked or retained control, evidence, generated, or governance file
protected	retained_evidence	.octon/state/evidence/validation/extensions/prompt-alignment/2026-06-22T07-41-43Z-octon-proposal-lifecycle-octon-proposal-lifecycle-generate-packet-verification-prompt.yml	referenced by a tracked or retained control, evidence, generated, or governance file
protected	retained_evidence	.octon/state/evidence/validation/extensions/prompt-alignment/2026-06-22T07-41-43Z-octon-proposal-lifecycle-octon-proposal-lifecycle-generate-program-closeout-prompt.yml	referenced by a tracked or retained control, evidence, generated, or governance file
protected	retained_evidence	.octon/state/evidence/validation/extensions/prompt-alignment/2026-06-22T07-41-43Z-octon-proposal-lifecycle-octon-proposal-lifecycle-generate-program-correction-prompt.yml	referenced by a tracked or retained control, evidence, generated, or governance file
protected	retained_evidence	.octon/state/evidence/validation/extensions/prompt-alignment/2026-06-22T07-41-43Z-octon-proposal-lifecycle-octon-proposal-lifecycle-generate-program-implementation-orchestration-prompt.yml	referenced by a tracked or retained control, evidence, generated, or governance file
protected	retained_evidence	.octon/state/evidence/validation/extensions/prompt-alignment/2026-06-22T07-41-43Z-octon-proposal-lifecycle-octon-proposal-lifecycle-generate-program-verification-prompt.yml	referenced by a tracked or retained control, evidence, generated, or governance file
protected	retained_evidence	.octon/state/evidence/validation/extensions/prompt-alignment/2026-06-22T07-41-43Z-octon-proposal-lifecycle-octon-proposal-lifecycle-review-packet.yml	referenced by a tracked or retained control, evidence, generated, or governance file
protected	retained_evidence	.octon/state/evidence/validation/extensions/prompt-alignment/2026-06-22T07-41-43Z-octon-proposal-lifecycle-octon-proposal-lifecycle-review-program.yml	referenced by a tracked or retained control, evidence, generated, or governance file
protected	retained_evidence	.octon/state/evidence/validation/extensions/prompt-alignment/2026-06-22T07-41-43Z-octon-proposal-lifecycle-octon-proposal-lifecycle-revise-packet.yml	referenced by a tracked or retained control, evidence, generated, or governance file
protected	retained_evidence	.octon/state/evidence/validation/extensions/prompt-alignment/2026-06-22T07-41-43Z-octon-proposal-lifecycle-octon-proposal-lifecycle-revise-program.yml	referenced by a tracked or retained control, evidence, generated, or governance file
protected	retained_evidence	.octon/state/evidence/validation/extensions/prompt-alignment/2026-06-22T07-41-43Z-octon-proposal-lifecycle-octon-proposal-lifecycle-run-packet-implementation.yml	referenced by a tracked or retained control, evidence, generated, or governance file
protected	retained_evidence	.octon/state/evidence/validation/extensions/prompt-alignment/2026-06-22T07-41-43Z-octon-proposal-lifecycle-octon-proposal-lifecycle-run-packet-verification-and-correction-loop.yml	referenced by a tracked or retained control, evidence, generated, or governance file
protected	retained_evidence	.octon/state/evidence/validation/extensions/prompt-alignment/2026-06-22T07-41-43Z-octon-proposal-lifecycle-octon-proposal-lifecycle-run-program-verification-and-correction-loop.yml	referenced by a tracked or retained control, evidence, generated, or governance file
protected	retained_evidence	.octon/state/evidence/validation/proposals/normalized-child-terminal-evidence-summary/2026-06-22T01-59-54Z/compact-validation-log.yml	referenced by a tracked or retained control, evidence, generated, or governance file
protected	retained_evidence	.octon/state/evidence/validation/proposals/normalized-child-terminal-evidence-summary/2026-06-22T01-59-54Z/validation-summary.md	referenced by a tracked or retained control, evidence, generated, or governance file
protected	retained_evidence	.octon/state/evidence/validation/proposals/targeted-proposal-freshness-checks/2026-06-22T03-01-16Z/validation-summary.yml	referenced by a tracked or retained control, evidence, generated, or governance file
protected	retained_evidence	.octon/state/evidence/validation/proposals/targeted-proposal-freshness-checks/2026-06-22T03-29-25Z/command-results.tsv	referenced by a tracked or retained control, evidence, generated, or governance file
protected	retained_evidence	.octon/state/evidence/validation/publication/capabilities/2026-06-22T04-52-01Z-capabilities-19017679dd43.yml	referenced by a tracked or retained control, evidence, generated, or governance file
protected	retained_evidence	.octon/state/evidence/validation/publication/capabilities/2026-06-22T04-52-09Z-pack-routes-3d2cc4bb7870.yml	referenced by a tracked or retained control, evidence, generated, or governance file
cleanup_candidate	stale_unreferenced_publication_attempt	.octon/state/evidence/validation/publication/capabilities/2026-06-22T07-10-34Z-capabilities-e3a960ec4e80.yml	unreferenced superseded publication receipt
cleanup_candidate	stale_unreferenced_publication_attempt	.octon/state/evidence/validation/publication/capabilities/2026-06-22T07-10-42Z-pack-routes-3d2cc4bb7870.yml	unreferenced superseded publication receipt
protected	retained_evidence	.octon/state/evidence/validation/publication/capabilities/2026-06-22T07-45-48Z-capabilities-850510b5e0cb.yml	referenced by a tracked or retained control, evidence, generated, or governance file
protected	retained_evidence	.octon/state/evidence/validation/publication/capabilities/2026-06-22T07-45-57Z-pack-routes-3d2cc4bb7870.yml	referenced by a tracked or retained control, evidence, generated, or governance file
protected	retained_evidence	.octon/state/evidence/validation/publication/extensions/2026-06-22T04-48-36Z-extensions-e539e7c8b239.yml	referenced by a tracked or retained control, evidence, generated, or governance file
cleanup_candidate	stale_unreferenced_publication_attempt	.octon/state/evidence/validation/publication/extensions/2026-06-22T07-07-14Z-extensions-e539e7c8b239.yml	unreferenced superseded publication receipt
protected	retained_evidence	.octon/state/evidence/validation/publication/extensions/2026-06-22T07-41-43Z-extensions-e539e7c8b239.yml	referenced by a tracked or retained control, evidence, generated, or governance file
protected	retained_evidence	.octon/state/evidence/validation/publication/runtime/2026-06-22T04-52-18Z-runtime-route-bundle-d832aab6f332.yml	referenced by a tracked or retained control, evidence, generated, or governance file
cleanup_candidate	stale_unreferenced_publication_attempt	.octon/state/evidence/validation/publication/runtime/2026-06-22T07-10-52Z-runtime-route-bundle-d832aab6f332.yml	unreferenced superseded publication receipt
protected	retained_evidence	.octon/state/evidence/validation/publication/runtime/2026-06-22T07-46-07Z-runtime-route-bundle-d832aab6f332.yml	referenced by a tracked or retained control, evidence, generated, or governance file
summary:
  mode: authorization
  cleanup_candidates: 69
  eligible_cleanup_candidates: 69
  protected_referenced: 530
  manual_review: 0
  git_status_digest: sha256:c75490a2c7cd48939e653f14ae9d72eecc4e825797ba7261bd04a6615823fd65
  classification_digest: sha256:c9d6afb9abb5a25fe419f17a198ce2e5d748765f2ae3dc6429a5314a647389e9
  cleanup_path_set_digest: sha256:56a916e923f71a1b11f15e4fddca18ed6258cd60f075d80c61e6822c79f71a8a
  protected_paths_digest: sha256:52cd229145895cfd0d59b2b9cad6eee0a30b4e5ddd20a129db7f0be3be29b56b
  manual_review_paths_digest: sha256:e3b0c44298fc1c149afbf4c8996fb92427ae41e4649b934ca495991b7852b855
